"rt","responses","trial_type","time_elapsed","stimulus","button_pressed","key_press","stimulus_left","stimulus_right","cumulative_accuracy","accuracy","stimulus_down_left","stimulus_down_mid","stimulus_down_right","stimulus_correct","stimulus_short","stimulus_far","weighted_accuracy","missedtrial","condition"
"31628.300000000047","{""worker_id"":""5117""}","id_enter","31628","","","","","","","","","","","","","","","",""
"52559.89999999991","","html-button-response","84188","
        <style>
            ul {
                list-style-type: disc;
                margin: 20px 0;
                padding-left: 100px;
                text-align: left;
            }
            li {
                margin-bottom: 15px;
                font-size: 18px;
                line-height: 1.6;
            }
            p {
                font-size: 18px;
                line-height: 1.6;
                margin: 10px 0;
                text-align: center;
            }
        </style>
        <h3 style='text-align: center'><strong>Thank you for your participation in this study. Please:</strong></h3>
        <br />
        <ul>
            <li>Follow the instructions for each task and try your best to perform well.</li>
            <li>Maximize your browser and focus completely on the task without any distractions.</li>
            <li><strong>DO NOT</strong> take notes during the experiment, as this interferes with our ability to accurately measure the learning process.</li>
            <li><strong>DO NOT</strong> participate if you feel you cannot fully commit to these requirements.</li>
        </ul> <br />
        <p>When you are ready to take the experiment, click 'Enter Fullscreen' to begin.</p> <br />
    ","0","","","","","","","","","","","","","",""
"13280.699999999953","","intro_0","97471","instruct","","32","","","","","","","","","","","","",""
"14518.699999999953","","intro_1","111991","instruct","","32","","","","","","","","","","","","",""
"14045.700000000186","","intro_2","126036","instruct","","32","","","","","","","","","","","","",""
"7454.699999999721","","intro_3","133492","instruct","","32","","","","","","","","","","","","",""
"12407.30000000028","","intro_4","145899","instruct","","32","","","","","","","","","","","","",""
"7407","","intro_5","153307","instruct","","32","","","","","","","","","","","","",""
"6270.700000000186","","intro_6","159579","instruct","","32","","","","","","","","","","","","",""
"16479.100000000093","","intro_7","176058","instruct","","32","","","","","","","","","","","","",""
"11630.30000000028","","intro_8","187689","instruct","","32","","","","","","","","","","","","",""
"null","","learn_phase(without_color)","189693","black_plus_sign","","null","GW/globe.jpg","GW/mailbox.jpg","","","","","","","","","","",""
"null","","black_cross(without_color)","190776","green","","null","GW/globe.jpg","GW/mailbox.jpg","","","","","","","","","","",""
"null","","rt_plussign_withcolor","191280","green","","null","GW/globe.jpg","GW/mailbox.jpg","","","","","","","","","","",""
"null","","rt_thecrossant_black","192204","black_plus_sign","","null","","","NaN","","","","","","","","","",""
"null","","color_black","192309","black_plus_sign","","null","","","","","","","","","","","","",""
"null","","learn_phase(without_color)","194313","black_plus_sign","","null","GW/backpack.jpg","GW/boat.jpg","","","","","","","","","","",""
"null","","black_cross(without_color)","195362","green","","null","GW/backpack.jpg","GW/boat.jpg","","","","","","","","","","",""
"null","","rt_plussign_withcolor","195865","green","","null","GW/backpack.jpg","GW/boat.jpg","","","","","","","","","","",""
"1489.5","","rt_thecrossant_black","196823","black_plus_sign","","50","","","1","1","","","","","","","","",""
"null","","color_black","196927","black_plus_sign","","null","","","","","","","","","","","","",""
"null","","learn_phase(without_color)","198931","black_plus_sign","","null","GW/rocking_chair.jpg","GW/pawn.jpg","","","","","","","","","","",""
"null","","black_cross(without_color)","199704","blue","","null","GW/rocking_chair.jpg","GW/pawn.jpg","","","","","","","","","","",""
"null","","rt_plussign_withcolor","200206","blue","","null","GW/rocking_chair.jpg","GW/pawn.jpg","","","","","","","","","","",""
"1466.2000000001863","","rt_thecrossant_black","201441","black_plus_sign","","49","","","1","1","","","","","","","","",""
"null","","color_black","201544","black_plus_sign","","null","","","","","","","","","","","","",""
"null","","learn_phase(without_color)","203548","black_plus_sign","","null","GW/globe.jpg","GW/mailbox.jpg","","","","","","","","","","",""
"null","","black_cross(without_color)","204207","blue","","null","GW/globe.jpg","GW/mailbox.jpg","","","","","","","","","","",""
"null","","rt_plussign_withcolor","204710","blue","","null","GW/globe.jpg","GW/mailbox.jpg","","","","","","","","","","",""
"1554.2000000001863","","rt_thecrossant_black","206059","black_plus_sign","","49","","","1","1","","","","","","","","",""
"null","","color_black","206162","black_plus_sign","","null","","","","","","","","","","","","",""
"null","","learn_phase(without_color)","208166","black_plus_sign","","null","GW/backpack.jpg","GW/boat.jpg","","","","","","","","","","",""
"null","","black_cross(without_color)","209225","green","","null","GW/backpack.jpg","GW/boat.jpg","","","","","","","","","","",""
"null","","rt_plussign_withcolor","209728","green","","null","GW/backpack.jpg","GW/boat.jpg","","","","","","","","","","",""
"null","","rt_thecrossant_black","210675","black_plus_sign","","null","","","1","","","","","","","","","",""
"null","","color_black","210779","black_plus_sign","","null","","","","","","","","","","","","",""
"null","","learn_phase(without_color)","212783","black_plus_sign","","null","GW/cake.jpg","GW/rocking_chair.jpg","","","","","","","","","","",""
"null","","black_cross(without_color)","213662","green","","null","GW/cake.jpg","GW/rocking_chair.jpg","","","","","","","","","","",""
"null","","rt_plussign_withcolor","214165","green","","null","GW/cake.jpg","GW/rocking_chair.jpg","","","","","","","","","","",""
"2060.7000000001863","","rt_thecrossant_black","215292","black_plus_sign","","50","","","1","1","","","","","","","","",""
"null","","color_black","215396","black_plus_sign","","null","","","","","","","","","","","","",""
"null","","learn_phase(without_color)","217399","black_plus_sign","","null","GW/pawn.jpg","GW/oven.jpg","","","","","","","","","","",""
"null","","black_cross(without_color)","217923","blue","","null","GW/pawn.jpg","GW/oven.jpg","","","","","","","","","","",""
"null","","rt_plussign_withcolor","218426","blue","","null","GW/pawn.jpg","GW/oven.jpg","","","","","","","","","","",""
"2147.1999999997206","","rt_thecrossant_black","219909","black_plus_sign","","49","","","1","1","","","","","","","","",""
"null","","color_black","220012","black_plus_sign","","null","","","","","","","","","","","","",""
"null","","learn_phase(without_color)","222017","black_plus_sign","","null","GW/backpack.jpg","GW/boat.jpg","","","","","","","","","","",""
"null","","black_cross(without_color)","222842","green","","null","GW/backpack.jpg","GW/boat.jpg","","","","","","","","","","",""
"null","","rt_plussign_withcolor","223345","green","","null","GW/backpack.jpg","GW/boat.jpg","","","","","","","","","","",""
"1352","","rt_thecrossant_black","224525","black_plus_sign","","50","","","1","1","","","","","","","","",""
"null","","color_black","224629","black_plus_sign","","null","","","","","","","","","","","","",""
"null","","learn_phase(without_color)","226632","black_plus_sign","","null","GW/cake.jpg","GW/globe.jpg","","","","","","","","","","",""
"null","","black_cross(without_color)","227563","blue","","null","GW/cake.jpg","GW/globe.jpg","","","","","","","","","","",""
"null","","rt_plussign_withcolor","228066","blue","","null","GW/cake.jpg","GW/globe.jpg","","","","","","","","","","",""
"1805.3999999999069","","rt_thecrossant_black","229143","black_plus_sign","","49","","","1","1","","","","","","","","",""
"null","","color_black","229246","black_plus_sign","","null","","","","","","","","","","","","",""
"null","","learn_phase(without_color)","231251","black_plus_sign","","null","GW/cake.jpg","GW/couch.jpg","","","","","","","","","","",""
"null","","black_cross(without_color)","232257","blue","","null","GW/cake.jpg","GW/couch.jpg","","","","","","","","","","",""
"null","","rt_plussign_withcolor","232760","blue","","null","GW/cake.jpg","GW/couch.jpg","","","","","","","","","","",""
"1367.5","","rt_thecrossant_black","233759","black_plus_sign","","49","","","1","1","","","","","","","","",""
"null","","color_black","233862","black_plus_sign","","null","","","","","","","","","","","","",""
"null","","learn_phase(without_color)","235866","black_plus_sign","","null","GW/fan.jpg","GW/couch.jpg","","","","","","","","","","",""
"null","","black_cross(without_color)","236894","green","","null","GW/fan.jpg","GW/couch.jpg","","","","","","","","","","",""
"null","","rt_plussign_withcolor","237397","green","","null","GW/fan.jpg","GW/couch.jpg","","","","","","","","","","",""
"1134.6000000000931","","rt_thecrossant_black","238376","black_plus_sign","","49","","","0.8888888888888888","0","","","","","","","","",""
"null","","color_black","238480","black_plus_sign","","null","","","","","","","","","","","","",""
"null","","learn_phase(without_color)","240484","black_plus_sign","","null","GW/boat.jpg","GW/couch.jpg","","","","","","","","","","",""
"null","","black_cross(without_color)","241135","blue","","null","GW/boat.jpg","GW/couch.jpg","","","","","","","","","","",""
"null","","rt_plussign_withcolor","241638","blue","","null","GW/boat.jpg","GW/couch.jpg","","","","","","","","","","",""
"2034.7000000001863","","rt_thecrossant_black","242994","black_plus_sign","","49","","","0.9","1","","","","","","","","",""
"null","","color_black","243097","black_plus_sign","","null","","","","","","","","","","","","",""
"null","","learn_phase(without_color)","245101","black_plus_sign","","null","GW/rocking_chair.jpg","GW/pawn.jpg","","","","","","","","","","",""
"null","","black_cross(without_color)","245852","blue","","null","GW/rocking_chair.jpg","GW/pawn.jpg","","","","","","","","","","",""
"null","","rt_plussign_withcolor","246355","blue","","null","GW/rocking_chair.jpg","GW/pawn.jpg","","","","","","","","","","",""
"1837","","rt_thecrossant_black","247611","black_plus_sign","","50","","","0.8181818181818182","0","","","","","","","","",""
"null","","color_black","247714","black_plus_sign","","null","","","","","","","","","","","","",""
"null","","learn_phase(without_color)","249718","black_plus_sign","","null","GW/skates.jpg","GW/rocking_chair.jpg","","","","","","","","","","",""
"null","","black_cross(without_color)","250744","green","","null","GW/skates.jpg","GW/rocking_chair.jpg","","","","","","","","","","",""
"null","","rt_plussign_withcolor","251247","green","","null","GW/skates.jpg","GW/rocking_chair.jpg","","","","","","","","","","",""
"1122.8999999999069","","rt_thecrossant_black","252228","black_plus_sign","","50","","","0.8333333333333334","1","","","","","","","","",""
"null","","color_black","252332","black_plus_sign","","null","","","","","","","","","","","","",""
"null","","learn_phase(without_color)","254335","black_plus_sign","","null","GW/oven.jpg","GW/picnic_basket.jpg","","","","","","","","","","",""
"null","","black_cross(without_color)","255350","blue","","null","GW/oven.jpg","GW/picnic_basket.jpg","","","","","","","","","","",""
"null","","rt_plussign_withcolor","255852","blue","","null","GW/oven.jpg","GW/picnic_basket.jpg","","","","","","","","","","",""
"1681.5","","rt_thecrossant_black","256845","black_plus_sign","","49","","","0.8461538461538461","1","","","","","","","","",""
"null","","color_black","256948","black_plus_sign","","null","","","","","","","","","","","","",""
"null","","learn_phase(without_color)","258951","black_plus_sign","","null","GW/cake.jpg","GW/rocking_chair.jpg","","","","","","","","","","",""
"null","","black_cross(without_color)","259546","green","","null","GW/cake.jpg","GW/rocking_chair.jpg","","","","","","","","","","",""
"null","","rt_plussign_withcolor","260049","green","","null","GW/cake.jpg","GW/rocking_chair.jpg","","","","","","","","","","",""
"1712.2999999998137","","rt_thecrossant_black","261461","black_plus_sign","","50","","","0.8571428571428571","1","","","","","","","","",""
"null","","color_black","261565","black_plus_sign","","null","","","","","","","","","","","","",""
"null","","learn_phase(without_color)","263569","black_plus_sign","","null","GW/oven.jpg","GW/picnic_basket.jpg","","","","","","","","","","",""
"null","","black_cross(without_color)","264242","blue","","null","GW/oven.jpg","GW/picnic_basket.jpg","","","","","","","","","","",""
"null","","rt_plussign_withcolor","264745","blue","","null","GW/oven.jpg","GW/picnic_basket.jpg","","","","","","","","","","",""
"null","","rt_thecrossant_black","266079","black_plus_sign","","null","","","0.8571428571428571","","","","","","","","","",""
"null","","color_black","266182","black_plus_sign","","null","","","","","","","","","","","","",""
"null","","learn_phase(without_color)","268186","black_plus_sign","","null","GW/boat.jpg","GW/cake.jpg","","","","","","","","","","",""
"null","","black_cross(without_color)","269250","blue","","null","GW/boat.jpg","GW/cake.jpg","","","","","","","","","","",""
"null","","rt_plussign_withcolor","269752","blue","","null","GW/boat.jpg","GW/cake.jpg","","","","","","","","","","",""
"null","","rt_thecrossant_black","270696","black_plus_sign","","null","","","0.8571428571428571","","","","","","","","","",""
"null","","warning_page","273700","warning","","null","","","","","","","","","","","","",""
"null","","color_black","273804","black_plus_sign","","null","","","","","","","","","","","","",""
"null","","learn_phase(without_color)","275808","black_plus_sign","","null","GW/fan.jpg","GW/couch.jpg","","","","","","","","","","",""
"null","","black_cross(without_color)","276616","green","","null","GW/fan.jpg","GW/couch.jpg","","","","","","","","","","",""
"null","","rt_plussign_withcolor","277119","green","","null","GW/fan.jpg","GW/couch.jpg","","","","","","","","","","",""
"1492.1999999997206","","rt_thecrossant_black","278317","black_plus_sign","","50","","","0.8666666666666667","1","","","","","","","","",""
"null","","color_black","278420","black_plus_sign","","null","","","","","","","","","","","","",""
"null","","learn_phase(without_color)","280424","black_plus_sign","","null","GW/pawn.jpg","GW/oven.jpg","","","","","","","","","","",""
"null","","black_cross(without_color)","281391","blue","","null","GW/pawn.jpg","GW/oven.jpg","","","","","","","","","","",""
"null","","rt_plussign_withcolor","281893","blue","","null","GW/pawn.jpg","GW/oven.jpg","","","","","","","","","","",""
"1701.0999999996275","","rt_thecrossant_black","282934","black_plus_sign","","50","","","0.8125","0","","","","","","","","",""
"null","","color_black","283037","black_plus_sign","","null","","","","","","","","","","","","",""
"null","","learn_phase(without_color)","285041","black_plus_sign","","null","GW/skates.jpg","GW/couch.jpg","","","","","","","","","","",""
"null","","black_cross(without_color)","285453","blue","","null","GW/skates.jpg","GW/couch.jpg","","","","","","","","","","",""
"null","","rt_plussign_withcolor","285955","blue","","null","GW/skates.jpg","GW/couch.jpg","","","","","","","","","","",""
"1693.0999999996275","","rt_thecrossant_black","287550","black_plus_sign","","49","","","0.8235294117647058","1","","","","","","","","",""
"null","","color_black","287654","black_plus_sign","","null","","","","","","","","","","","","",""
"null","","learn_phase(without_color)","289657","black_plus_sign","","null","GW/cake.jpg","GW/globe.jpg","","","","","","","","","","",""
"null","","black_cross(without_color)","290445","blue","","null","GW/cake.jpg","GW/globe.jpg","","","","","","","","","","",""
"null","","rt_plussign_withcolor","290948","blue","","null","GW/cake.jpg","GW/globe.jpg","","","","","","","","","","",""
"786.3999999999069","","rt_thecrossant_black","292166","black_plus_sign","","49","","","0.8333333333333334","1","","","","","","","","",""
"null","","color_black","292269","black_plus_sign","","null","","","","","","","","","","","","",""
"null","","learn_phase(without_color)","294274","black_plus_sign","","null","GW/skates.jpg","GW/couch.jpg","","","","","","","","","","",""
"null","","black_cross(without_color)","295171","green","","null","GW/skates.jpg","GW/couch.jpg","","","","","","","","","","",""
"null","","rt_plussign_withcolor","295674","green","","null","GW/skates.jpg","GW/couch.jpg","","","","","","","","","","",""
"1500.2999999998137","","rt_thecrossant_black","296783","black_plus_sign","","50","","","0.8421052631578947","1","","","","","","","","",""
"null","","color_black","296886","black_plus_sign","","null","","","","","","","","","","","","",""
"null","","learn_phase(without_color)","298890","black_plus_sign","","null","GW/mailbox.jpg","GW/oven.jpg","","","","","","","","","","",""
"null","","black_cross(without_color)","299877","green","","null","GW/mailbox.jpg","GW/oven.jpg","","","","","","","","","","",""
"null","","rt_plussign_withcolor","300380","green","","null","GW/mailbox.jpg","GW/oven.jpg","","","","","","","","","","",""
"1510.9000000003725","","rt_thecrossant_black","301399","black_plus_sign","","50","","","0.85","1","","","","","","","","",""
"null","","color_black","301503","black_plus_sign","","null","","","","","","","","","","","","",""
"null","","learn_phase(without_color)","303506","black_plus_sign","","null","GW/cake.jpg","GW/globe.jpg","","","","","","","","","","",""
"null","","black_cross(without_color)","304189","green","","null","GW/cake.jpg","GW/globe.jpg","","","","","","","","","","",""
"null","","rt_plussign_withcolor","304692","green","","null","GW/cake.jpg","GW/globe.jpg","","","","","","","","","","",""
"1328.2000000001863","","rt_thecrossant_black","306016","black_plus_sign","","50","","","0.8571428571428571","1","","","","","","","","",""
"null","","color_black","306119","black_plus_sign","","null","","","","","","","","","","","","",""
"null","","learn_phase(without_color)","308124","black_plus_sign","","null","GW/cake.jpg","GW/couch.jpg","","","","","","","","","","",""
"null","","black_cross(without_color)","309160","blue","","null","GW/cake.jpg","GW/couch.jpg","","","","","","","","","","",""
"null","","rt_plussign_withcolor","309663","blue","","null","GW/cake.jpg","GW/couch.jpg","","","","","","","","","","",""
"1139.7999999998137","","rt_thecrossant_black","310633","black_plus_sign","","49","","","0.8636363636363636","1","","","","","","","","",""
"null","","color_black","310737","black_plus_sign","","null","","","","","","","","","","","","",""
"null","","learn_phase(without_color)","312741","black_plus_sign","","null","GW/rocking_chair.jpg","GW/pawn.jpg","","","","","","","","","","",""
"null","","black_cross(without_color)","313739","blue","","null","GW/rocking_chair.jpg","GW/pawn.jpg","","","","","","","","","","",""
"null","","rt_plussign_withcolor","314243","blue","","null","GW/rocking_chair.jpg","GW/pawn.jpg","","","","","","","","","","",""
"null","","rt_thecrossant_black","315251","black_plus_sign","","null","","","0.8636363636363636","","","","","","","","","",""
"null","","color_black","315354","black_plus_sign","","null","","","","","","","","","","","","",""
"null","","learn_phase(without_color)","317358","black_plus_sign","","null","GW/skates.jpg","GW/couch.jpg","","","","","","","","","","",""
"null","","black_cross(without_color)","317850","green","","null","GW/skates.jpg","GW/couch.jpg","","","","","","","","","","",""
"null","","rt_plussign_withcolor","318352","green","","null","GW/skates.jpg","GW/couch.jpg","","","","","","","","","","",""
"1246.1000000000931","","rt_thecrossant_black","319866","black_plus_sign","","49","","","0.8260869565217391","0","","","","","","","","",""
"null","","warning_page","322870","warning","","null","","","","","","","","","","","","",""
"null","","color_black","322973","black_plus_sign","","null","","","","","","","","","","","","",""
"null","","learn_phase(without_color)","324977","black_plus_sign","","null","GW/globe.jpg","GW/mailbox.jpg","","","","","","","","","","",""
"null","","black_cross(without_color)","326041","green","","null","GW/globe.jpg","GW/mailbox.jpg","","","","","","","","","","",""
"173.60000000009313","","rt_plussign_withcolor","326544","green","","50","GW/globe.jpg","GW/mailbox.jpg","","","","","","","","","","",""
"null","","rt_thecrossant_black","327487","black_plus_sign","","50","","","0.8333333333333334","1","","","","","","","","",""
"null","","color_black","327591","black_plus_sign","","null","","","","","","","","","","","","",""
"null","","learn_phase(without_color)","329595","black_plus_sign","","null","GW/skates.jpg","GW/couch.jpg","","","","","","","","","","",""
"null","","black_cross(without_color)","330391","blue","","null","GW/skates.jpg","GW/couch.jpg","","","","","","","","","","",""
"null","","rt_plussign_withcolor","330894","blue","","null","GW/skates.jpg","GW/couch.jpg","","","","","","","","","","",""
"1650.1000000000931","","rt_thecrossant_black","332105","black_plus_sign","","49","","","0.84","1","","","","","","","","",""
"null","","color_black","332208","black_plus_sign","","null","","","","","","","","","","","","",""
"null","","learn_phase(without_color)","334213","black_plus_sign","","null","GW/pawn.jpg","GW/picnic_basket.jpg","","","","","","","","","","",""
"null","","black_cross(without_color)","335056","green","","null","GW/pawn.jpg","GW/picnic_basket.jpg","","","","","","","","","","",""
"null","","rt_plussign_withcolor","335559","green","","null","GW/pawn.jpg","GW/picnic_basket.jpg","","","","","","","","","","",""
"1204.3999999999069","","rt_thecrossant_black","336723","black_plus_sign","","50","","","0.8461538461538461","1","","","","","","","","",""
"null","","color_black","336826","black_plus_sign","","null","","","","","","","","","","","","",""
"null","","learn_phase(without_color)","338830","black_plus_sign","","null","GW/fan.jpg","GW/couch.jpg","","","","","","","","","","",""
"null","","black_cross(without_color)","339830","green","","null","GW/fan.jpg","GW/couch.jpg","","","","","","","","","","",""
"null","","rt_plussign_withcolor","340333","green","","null","GW/fan.jpg","GW/couch.jpg","","","","","","","","","","",""
"1436.5","","rt_thecrossant_black","341339","black_plus_sign","","50","","","0.8518518518518519","1","","","","","","","","",""
"null","","color_black","341443","black_plus_sign","","null","","","","","","","","","","","","",""
"null","","learn_phase(without_color)","343447","black_plus_sign","","null","GW/cake.jpg","GW/couch.jpg","","","","","","","","","","",""
"null","","black_cross(without_color)","344033","blue","","null","GW/cake.jpg","GW/couch.jpg","","","","","","","","","","",""
"null","","rt_plussign_withcolor","344535","blue","","null","GW/cake.jpg","GW/couch.jpg","","","","","","","","","","",""
"1511.3999999999069","","rt_thecrossant_black","345957","black_plus_sign","","49","","","0.8571428571428571","1","","","","","","","","",""
"null","","color_black","346060","black_plus_sign","","null","","","","","","","","","","","","",""
"null","","learn_phase(without_color)","348064","black_plus_sign","","null","GW/boat.jpg","GW/cake.jpg","","","","","","","","","","",""
"null","","black_cross(without_color)","349011","blue","","null","GW/boat.jpg","GW/cake.jpg","","","","","","","","","","",""
"null","","rt_plussign_withcolor","349514","blue","","null","GW/boat.jpg","GW/cake.jpg","","","","","","","","","","",""
"1069.3999999999069","","rt_thecrossant_black","350572","black_plus_sign","","49","","","0.8620689655172413","1","","","","","","","","",""
"null","","color_black","350675","black_plus_sign","","null","","","","","","","","","","","","",""
"null","","learn_phase(without_color)","352680","black_plus_sign","","null","GW/boat.jpg","GW/couch.jpg","","","","","","","","","","",""
"null","","black_cross(without_color)","353206","blue","","null","GW/boat.jpg","GW/couch.jpg","","","","","","","","","","",""
"null","","rt_plussign_withcolor","353709","blue","","null","GW/boat.jpg","GW/couch.jpg","","","","","","","","","","",""
"2084.8000000002794","","rt_thecrossant_black","355190","black_plus_sign","","50","","","0.8333333333333334","0","","","","","","","","",""
"null","","color_black","355293","black_plus_sign","","null","","","","","","","","","","","","",""
"null","","learn_phase(without_color)","357297","black_plus_sign","","null","GW/mailbox.jpg","GW/oven.jpg","","","","","","","","","","",""
"null","","black_cross(without_color)","358247","blue","","null","GW/mailbox.jpg","GW/oven.jpg","","","","","","","","","","",""
"null","","rt_plussign_withcolor","358750","blue","","null","GW/mailbox.jpg","GW/oven.jpg","","","","","","","","","","",""
"1269.5","","rt_thecrossant_black","359808","black_plus_sign","","50","","","0.8064516129032258","0","","","","","","","","",""
"null","","warning_page","362811","warning","","null","","","","","","","","","","","","",""
"null","","color_black","362914","black_plus_sign","","null","","","","","","","","","","","","",""
"null","","learn_phase(without_color)","364918","black_plus_sign","","null","GW/fan.jpg","GW/couch.jpg","","","","","","","","","","",""
"null","","black_cross(without_color)","365824","blue","","null","GW/fan.jpg","GW/couch.jpg","","","","","","","","","","",""
"132.1999999997206","","rt_plussign_withcolor","366326","blue","","49","GW/fan.jpg","GW/couch.jpg","","","","","","","","","","",""
"null","","rt_thecrossant_black","367428","black_plus_sign","","49","","","0.8125","1","","","","","","","","",""
"null","","color_black","367532","black_plus_sign","","null","","","","","","","","","","","","",""
"null","","learn_phase(without_color)","369536","black_plus_sign","","null","GW/oven.jpg","GW/picnic_basket.jpg","","","","","","","","","","",""
"null","","black_cross(without_color)","370588","blue","","null","GW/oven.jpg","GW/picnic_basket.jpg","","","","","","","","","","",""
"440.20000000018626","","rt_plussign_withcolor","371091","blue","","49","GW/oven.jpg","GW/picnic_basket.jpg","","","","","","","","","","",""
"null","","rt_thecrossant_black","372046","black_plus_sign","","49","","","0.8181818181818182","1","","","","","","","","",""
"null","","color_black","372149","black_plus_sign","","null","","","","","","","","","","","","",""
"null","","learn_phase(without_color)","374153","black_plus_sign","","null","GW/boat.jpg","GW/couch.jpg","","","","","","","","","","",""
"null","","black_cross(without_color)","374777","green","","null","GW/boat.jpg","GW/couch.jpg","","","","","","","","","","",""
"null","","rt_plussign_withcolor","375280","green","","null","GW/boat.jpg","GW/couch.jpg","","","","","","","","","","",""
"1217.1000000000931","","rt_thecrossant_black","376664","black_plus_sign","","50","","","0.8235294117647058","1","","","","","","","","",""
"null","","color_black","376768","black_plus_sign","","null","","","","","","","","","","","","",""
"null","","learn_phase(without_color)","378772","black_plus_sign","","null","GW/skates.jpg","GW/couch.jpg","","","","","","","","","","",""
"null","","black_cross(without_color)","379593","blue","","null","GW/skates.jpg","GW/couch.jpg","","","","","","","","","","",""
"null","","rt_plussign_withcolor","380096","blue","","null","GW/skates.jpg","GW/couch.jpg","","","","","","","","","","",""
"1475.1000000000931","","rt_thecrossant_black","381282","black_plus_sign","","49","","","0.8285714285714286","1","","","","","","","","",""
"null","","color_black","381386","black_plus_sign","","null","","","","","","","","","","","","",""
"null","","learn_phase(without_color)","383390","black_plus_sign","","null","GW/backpack.jpg","GW/boat.jpg","","","","","","","","","","",""
"null","","black_cross(without_color)","383995","blue","","null","GW/backpack.jpg","GW/boat.jpg","","","","","","","","","","",""
"null","","rt_plussign_withcolor","384498","blue","","null","GW/backpack.jpg","GW/boat.jpg","","","","","","","","","","",""
"1301.6999999997206","","rt_thecrossant_black","385901","black_plus_sign","","49","","","0.8333333333333334","1","","","","","","","","",""
"null","","color_black","386005","black_plus_sign","","null","","","","","","","","","","","","",""
"null","","learn_phase(without_color)","388009","black_plus_sign","","null","GW/globe.jpg","GW/mailbox.jpg","","","","","","","","","","",""
"null","","black_cross(without_color)","388863","green","","null","GW/globe.jpg","GW/mailbox.jpg","","","","","","","","","","",""
"null","","rt_plussign_withcolor","389366","green","","null","GW/globe.jpg","GW/mailbox.jpg","","","","","","","","","","",""
"1345.8999999999069","","rt_thecrossant_black","390518","black_plus_sign","","50","","","0.8378378378378378","1","","","","","","","","",""
"null","","color_black","390621","black_plus_sign","","null","","","","","","","","","","","","",""
"null","","learn_phase(without_color)","392625","black_plus_sign","","null","GW/fan.jpg","GW/couch.jpg","","","","","","","","","","",""
"null","","black_cross(without_color)","393705","green","","null","GW/fan.jpg","GW/couch.jpg","","","","","","","","","","",""
"null","","rt_plussign_withcolor","394207","green","","null","GW/fan.jpg","GW/couch.jpg","","","","","","","","","","",""
"1146.1000000000931","","rt_thecrossant_black","395134","black_plus_sign","","50","","","0.8421052631578947","1","","","","","","","","",""
"null","","color_black","395238","black_plus_sign","","null","","","","","","","","","","","","",""
"null","","learn_phase(without_color)","397242","black_plus_sign","","null","GW/globe.jpg","GW/mailbox.jpg","","","","","","","","","","",""
"null","","black_cross(without_color)","398329","green","","null","GW/globe.jpg","GW/mailbox.jpg","","","","","","","","","","",""
"null","","rt_plussign_withcolor","398832","green","","null","GW/globe.jpg","GW/mailbox.jpg","","","","","","","","","","",""
"1570","","rt_thecrossant_black","399751","black_plus_sign","","49","","","0.8205128205128205","0","","","","","","","","",""
"null","","color_black","399855","black_plus_sign","","null","","","","","","","","","","","","",""
"null","","learn_phase(without_color)","401860","black_plus_sign","","null","GW/pawn.jpg","GW/oven.jpg","","","","","","","","","","",""
"null","","black_cross(without_color)","402494","green","","null","GW/pawn.jpg","GW/oven.jpg","","","","","","","","","","",""
"null","","rt_plussign_withcolor","402997","green","","null","GW/pawn.jpg","GW/oven.jpg","","","","","","","","","","",""
"1716.7999999998137","","rt_thecrossant_black","404371","black_plus_sign","","50","","","0.825","1","","","","","","","","",""
"null","","color_black","404475","black_plus_sign","","null","","","","","","","","","","","","",""
"null","","learn_phase(without_color)","406480","black_plus_sign","","null","GW/globe.jpg","GW/pawn.jpg","","","","","","","","","","",""
"null","","black_cross(without_color)","407502","green","","null","GW/globe.jpg","GW/pawn.jpg","","","","","","","","","","",""
"null","","rt_plussign_withcolor","408005","green","","null","GW/globe.jpg","GW/pawn.jpg","","","","","","","","","","",""
"1126.1000000000931","","rt_thecrossant_black","408990","black_plus_sign","","50","","","0.8292682926829268","1","","","","","","","","",""
"null","","color_black","409094","black_plus_sign","","null","","","","","","","","","","","","",""
"null","","learn_phase(without_color)","411098","black_plus_sign","","null","GW/globe.jpg","GW/mailbox.jpg","","","","","","","","","","",""
"null","","black_cross(without_color)","411694","green","","null","GW/globe.jpg","GW/mailbox.jpg","","","","","","","","","","",""
"null","","rt_plussign_withcolor","412197","green","","null","GW/globe.jpg","GW/mailbox.jpg","","","","","","","","","","",""
"1387.3999999999069","","rt_thecrossant_black","413608","black_plus_sign","","50","","","0.8333333333333334","1","","","","","","","","",""
"null","","color_black","413711","black_plus_sign","","null","","","","","","","","","","","","",""
"null","","learn_phase(without_color)","415715","black_plus_sign","","null","GW/pawn.jpg","GW/picnic_basket.jpg","","","","","","","","","","",""
"null","","black_cross(without_color)","416586","blue","","null","GW/pawn.jpg","GW/picnic_basket.jpg","","","","","","","","","","",""
"null","","rt_plussign_withcolor","417089","blue","","null","GW/pawn.jpg","GW/picnic_basket.jpg","","","","","","","","","","",""
"972.7999999998137","","rt_thecrossant_black","418225","black_plus_sign","","49","","","0.8372093023255814","1","","","","","","","","",""
"null","","color_black","418328","black_plus_sign","","null","","","","","","","","","","","","",""
"null","","learn_phase(without_color)","420332","black_plus_sign","","null","GW/mailbox.jpg","GW/oven.jpg","","","","","","","","","","",""
"null","","black_cross(without_color)","421393","blue","","null","GW/mailbox.jpg","GW/oven.jpg","","","","","","","","","","",""
"null","","rt_plussign_withcolor","421895","blue","","null","GW/mailbox.jpg","GW/oven.jpg","","","","","","","","","","",""
"1401","","rt_thecrossant_black","422841","black_plus_sign","","49","","","0.8409090909090909","1","","","","","","","","",""
"null","","color_black","422946","black_plus_sign","","null","","","","","","","","","","","","",""
"null","","learn_phase(without_color)","424949","black_plus_sign","","null","GW/pawn.jpg","GW/oven.jpg","","","","","","","","","","",""
"null","","black_cross(without_color)","425703","blue","","null","GW/pawn.jpg","GW/oven.jpg","","","","","","","","","","",""
"null","","rt_plussign_withcolor","426206","blue","","null","GW/pawn.jpg","GW/oven.jpg","","","","","","","","","","",""
"1167.7000000001863","","rt_thecrossant_black","427459","black_plus_sign","","49","","","0.8444444444444444","1","","","","","","","","",""
"null","","color_black","427562","black_plus_sign","","null","","","","","","","","","","","","",""
"null","","learn_phase(without_color)","429567","black_plus_sign","","null","GW/mailbox.jpg","GW/oven.jpg","","","","","","","","","","",""
"null","","black_cross(without_color)","430520","green","","null","GW/mailbox.jpg","GW/oven.jpg","","","","","","","","","","",""
"null","","rt_plussign_withcolor","431023","green","","null","GW/mailbox.jpg","GW/oven.jpg","","","","","","","","","","",""
"1012","","rt_thecrossant_black","432077","black_plus_sign","","50","","","0.8478260869565217","1","","","","","","","","",""
"null","","color_black","432181","black_plus_sign","","null","","","","","","","","","","","","",""
"null","","learn_phase(without_color)","434185","black_plus_sign","","null","GW/oven.jpg","GW/picnic_basket.jpg","","","","","","","","","","",""
"null","","black_cross(without_color)","435129","green","","null","GW/oven.jpg","GW/picnic_basket.jpg","","","","","","","","","","",""
"null","","rt_plussign_withcolor","435632","green","","null","GW/oven.jpg","GW/picnic_basket.jpg","","","","","","","","","","",""
"1585.8999999999069","","rt_thecrossant_black","436693","black_plus_sign","","50","","","0.851063829787234","1","","","","","","","","",""
"null","","color_black","436797","black_plus_sign","","null","","","","","","","","","","","","",""
"null","","learn_phase(without_color)","438802","black_plus_sign","","null","GW/globe.jpg","GW/pawn.jpg","","","","","","","","","","",""
"null","","black_cross(without_color)","439335","green","","null","GW/globe.jpg","GW/pawn.jpg","","","","","","","","","","",""
"488.89999999990687","","rt_plussign_withcolor","439839","green","","50","GW/globe.jpg","GW/pawn.jpg","","","","","","","","","","",""
"null","","rt_thecrossant_black","441311","black_plus_sign","","50","","","0.8541666666666666","1","","","","","","","","",""
"null","","color_black","441414","black_plus_sign","","null","","","","","","","","","","","","",""
"null","","learn_phase(without_color)","443418","black_plus_sign","","null","GW/backpack.jpg","GW/boat.jpg","","","","","","","","","","",""
"null","","black_cross(without_color)","444475","blue","","null","GW/backpack.jpg","GW/boat.jpg","","","","","","","","","","",""
"null","","rt_plussign_withcolor","444978","blue","","null","GW/backpack.jpg","GW/boat.jpg","","","","","","","","","","",""
"1179.3999999999069","","rt_thecrossant_black","445928","black_plus_sign","","49","","","0.8571428571428571","1","","","","","","","","",""
"null","","color_black","446032","black_plus_sign","","null","","","","","","","","","","","","",""
"null","","learn_phase(without_color)","448036","black_plus_sign","","null","GW/skates.jpg","GW/rocking_chair.jpg","","","","","","","","","","",""
"null","","black_cross(without_color)","448632","green","","null","GW/skates.jpg","GW/rocking_chair.jpg","","","","","","","","","","",""
"null","","rt_plussign_withcolor","449135","green","","null","GW/skates.jpg","GW/rocking_chair.jpg","","","","","","","","","","",""
"1617.3999999999069","","rt_thecrossant_black","450545","black_plus_sign","","49","","","0.84","0","","","","","","","","",""
"null","","color_black","450649","black_plus_sign","","null","","","","","","","","","","","","",""
"null","","learn_phase(without_color)","452653","black_plus_sign","","null","GW/cake.jpg","GW/couch.jpg","","","","","","","","","","",""
"null","","black_cross(without_color)","453488","blue","","null","GW/cake.jpg","GW/couch.jpg","","","","","","","","","","",""
"null","","rt_plussign_withcolor","453991","blue","","null","GW/cake.jpg","GW/couch.jpg","","","","","","","","","","",""
"796.8000000002794","","rt_thecrossant_black","455162","black_plus_sign","","49","","","0.8431372549019608","1","","","","","","","","",""
"null","","color_black","455266","black_plus_sign","","null","","","","","","","","","","","","",""
"null","","learn_phase(without_color)","457270","black_plus_sign","","null","GW/backpack.jpg","GW/boat.jpg","","","","","","","","","","",""
"null","","black_cross(without_color)","458305","blue","","null","GW/backpack.jpg","GW/boat.jpg","","","","","","","","","","",""
"null","","rt_plussign_withcolor","458808","blue","","null","GW/backpack.jpg","GW/boat.jpg","","","","","","","","","","",""
"1377.8999999999069","","rt_thecrossant_black","459780","black_plus_sign","","49","","","0.8461538461538461","1","","","","","","","","",""
"null","","color_black","459883","black_plus_sign","","null","","","","","","","","","","","","",""
"null","","learn_phase(without_color)","461888","black_plus_sign","","null","GW/boat.jpg","GW/cake.jpg","","","","","","","","","","",""
"null","","black_cross(without_color)","462347","blue","","null","GW/boat.jpg","GW/cake.jpg","","","","","","","","","","",""
"172.1999999997206","","rt_plussign_withcolor","462851","blue","","49","GW/boat.jpg","GW/cake.jpg","","","","","","","","","","",""
"null","","rt_thecrossant_black","464398","black_plus_sign","","49","","","0.8490566037735849","1","","","","","","","","",""
"null","","color_black","464502","black_plus_sign","","null","","","","","","","","","","","","",""
"null","","learn_phase(without_color)","466506","black_plus_sign","","null","GW/fan.jpg","GW/couch.jpg","","","","","","","","","","",""
"null","","black_cross(without_color)","467452","blue","","null","GW/fan.jpg","GW/couch.jpg","","","","","","","","","","",""
"null","","rt_plussign_withcolor","467955","blue","","null","GW/fan.jpg","GW/couch.jpg","","","","","","","","","","",""
"599.6999999997206","","rt_thecrossant_black","469014","black_plus_sign","","49","","","0.8518518518518519","1","","","","","","","","",""
"null","","color_black","469118","black_plus_sign","","null","","","","","","","","","","","","",""
"null","","learn_phase(without_color)","471122","black_plus_sign","","null","GW/pawn.jpg","GW/picnic_basket.jpg","","","","","","","","","","",""
"null","","black_cross(without_color)","472201","blue","","null","GW/pawn.jpg","GW/picnic_basket.jpg","","","","","","","","","","",""
"227.79999999981374","","rt_plussign_withcolor","472704","blue","","49","GW/pawn.jpg","GW/picnic_basket.jpg","","","","","","","","","","",""
"null","","rt_thecrossant_black","473631","black_plus_sign","","50","","","0.8545454545454545","1","","","","","","","","",""
"null","","color_black","473735","black_plus_sign","","null","","","","","","","","","","","","",""
"null","","learn_phase(without_color)","475740","black_plus_sign","","null","GW/mailbox.jpg","GW/oven.jpg","","","","","","","","","","",""
"null","","black_cross(without_color)","476519","green","","null","GW/mailbox.jpg","GW/oven.jpg","","","","","","","","","","",""
"null","","rt_plussign_withcolor","477022","green","","null","GW/mailbox.jpg","GW/oven.jpg","","","","","","","","","","",""
"1176.1000000000931","","rt_thecrossant_black","478250","black_plus_sign","","50","","","0.8571428571428571","1","","","","","","","","",""
"null","","color_black","478354","black_plus_sign","","null","","","","","","","","","","","","",""
"null","","learn_phase(without_color)","480358","black_plus_sign","","null","GW/fan.jpg","GW/couch.jpg","","","","","","","","","","",""
"null","","black_cross(without_color)","481094","green","","null","GW/fan.jpg","GW/couch.jpg","","","","","","","","","","",""
"null","","rt_plussign_withcolor","481597","green","","null","GW/fan.jpg","GW/couch.jpg","","","","","","","","","","",""
"1107.5","","rt_thecrossant_black","482869","black_plus_sign","","49","","","0.8421052631578947","0","","","","","","","","",""
"null","","color_black","482973","black_plus_sign","","null","","","","","","","","","","","","",""
"null","","learn_phase(without_color)","484978","black_plus_sign","","null","GW/pawn.jpg","GW/picnic_basket.jpg","","","","","","","","","","",""
"null","","black_cross(without_color)","485590","green","","null","GW/pawn.jpg","GW/picnic_basket.jpg","","","","","","","","","","",""
"null","","rt_plussign_withcolor","486093","green","","null","GW/pawn.jpg","GW/picnic_basket.jpg","","","","","","","","","","",""
"1287.5999999996275","","rt_thecrossant_black","487488","black_plus_sign","","50","","","0.8448275862068966","1","","","","","","","","",""
"null","","color_black","487592","black_plus_sign","","null","","","","","","","","","","","","",""
"null","","learn_phase(without_color)","489597","black_plus_sign","","null","GW/rocking_chair.jpg","GW/pawn.jpg","","","","","","","","","","",""
"null","","black_cross(without_color)","490028","blue","","null","GW/rocking_chair.jpg","GW/pawn.jpg","","","","","","","","","","",""
"184.29999999981374","","rt_plussign_withcolor","490530","blue","","50","GW/rocking_chair.jpg","GW/pawn.jpg","","","","","","","","","","",""
"null","","rt_thecrossant_black","492106","black_plus_sign","","50","","","0.8305084745762712","0","","","","","","","","",""
"null","","color_black","492210","black_plus_sign","","null","","","","","","","","","","","","",""
"null","","learn_phase(without_color)","494215","black_plus_sign","","null","GW/mailbox.jpg","GW/oven.jpg","","","","","","","","","","",""
"null","","black_cross(without_color)","494874","green","","null","GW/mailbox.jpg","GW/oven.jpg","","","","","","","","","","",""
"null","","rt_plussign_withcolor","495377","green","","null","GW/mailbox.jpg","GW/oven.jpg","","","","","","","","","","",""
"899.3000000002794","","rt_thecrossant_black","496724","black_plus_sign","","50","","","0.8333333333333334","1","","","","","","","","",""
"null","","color_black","496828","black_plus_sign","","null","","","","","","","","","","","","",""
"null","","learn_phase(without_color)","498832","black_plus_sign","","null","GW/cake.jpg","GW/globe.jpg","","","","","","","","","","",""
"null","","black_cross(without_color)","499399","green","","null","GW/cake.jpg","GW/globe.jpg","","","","","","","","","","",""
"null","","rt_plussign_withcolor","499903","green","","null","GW/cake.jpg","GW/globe.jpg","","","","","","","","","","",""
"1296.2000000001863","","rt_thecrossant_black","501343","black_plus_sign","","50","","","0.8360655737704918","1","","","","","","","","",""
"null","","color_black","501446","black_plus_sign","","null","","","","","","","","","","","","",""
"null","","learn_phase(without_color)","503450","black_plus_sign","","null","GW/skates.jpg","GW/rocking_chair.jpg","","","","","","","","","","",""
"null","","black_cross(without_color)","504335","blue","","null","GW/skates.jpg","GW/rocking_chair.jpg","","","","","","","","","","",""
"null","","rt_plussign_withcolor","504838","blue","","null","GW/skates.jpg","GW/rocking_chair.jpg","","","","","","","","","","",""
"1134","","rt_thecrossant_black","505961","black_plus_sign","","49","","","0.8387096774193549","1","","","","","","","","",""
"null","","color_black","506065","black_plus_sign","","null","","","","","","","","","","","","",""
"null","","learn_phase(without_color)","508069","black_plus_sign","","null","GW/globe.jpg","GW/pawn.jpg","","","","","","","","","","",""
"null","","black_cross(without_color)","509071","blue","","null","GW/globe.jpg","GW/pawn.jpg","","","","","","","","","","",""
"null","","rt_plussign_withcolor","509574","blue","","null","GW/globe.jpg","GW/pawn.jpg","","","","","","","","","","",""
"1210.1000000000931","","rt_thecrossant_black","510579","black_plus_sign","","49","","","0.8412698412698413","1","","","","","","","","",""
"null","","color_black","510684","black_plus_sign","","null","","","","","","","","","","","","",""
"null","","learn_phase(without_color)","512688","black_plus_sign","","null","GW/cake.jpg","GW/globe.jpg","","","","","","","","","","",""
"null","","black_cross(without_color)","513106","blue","","null","GW/cake.jpg","GW/globe.jpg","","","","","","","","","","",""
"null","","rt_plussign_withcolor","513609","blue","","null","GW/cake.jpg","GW/globe.jpg","","","","","","","","","","",""
"1755.5","","rt_thecrossant_black","515199","black_plus_sign","","50","","","0.828125","0","","","","","","","","",""
"null","","color_black","515302","black_plus_sign","","null","","","","","","","","","","","","",""
"null","","learn_phase(without_color)","517307","black_plus_sign","","null","GW/boat.jpg","GW/couch.jpg","","","","","","","","","","",""
"null","","black_cross(without_color)","517952","blue","","null","GW/boat.jpg","GW/couch.jpg","","","","","","","","","","",""
"null","","rt_plussign_withcolor","518455","blue","","null","GW/boat.jpg","GW/couch.jpg","","","","","","","","","","",""
"1054.7999999998137","","rt_thecrossant_black","519817","black_plus_sign","","50","","","0.8153846153846154","0","","","","","","","","",""
"null","","warning_page","522821","warning","","null","","","","","","","","","","","","",""
"null","","color_black","522924","black_plus_sign","","null","","","","","","","","","","","","",""
"null","","learn_phase(without_color)","524928","black_plus_sign","","null","GW/rocking_chair.jpg","GW/pawn.jpg","","","","","","","","","","",""
"null","","black_cross(without_color)","526005","blue","","null","GW/rocking_chair.jpg","GW/pawn.jpg","","","","","","","","","","",""
"485.60000000009313","","rt_plussign_withcolor","526509","blue","","49","GW/rocking_chair.jpg","GW/pawn.jpg","","","","","","","","","","",""
"null","","rt_thecrossant_black","527438","black_plus_sign","","49","","","0.8181818181818182","1","","","","","","","","",""
"null","","color_black","527542","black_plus_sign","","null","","","","","","","","","","","","",""
"null","","learn_phase(without_color)","529546","black_plus_sign","","null","GW/globe.jpg","GW/pawn.jpg","","","","","","","","","","",""
"null","","black_cross(without_color)","530105","green","","null","GW/globe.jpg","GW/pawn.jpg","","","","","","","","","","",""
"353.70000000018626","","rt_plussign_withcolor","530608","green","","49","GW/globe.jpg","GW/pawn.jpg","","","","","","","","","","",""
"null","","rt_thecrossant_black","532056","black_plus_sign","","49","","","0.8059701492537313","0","","","","","","","","",""
"null","","color_black","532160","black_plus_sign","","null","","","","","","","","","","","","",""
"null","","learn_phase(without_color)","534164","black_plus_sign","","null","GW/cake.jpg","GW/couch.jpg","","","","","","","","","","",""
"null","","black_cross(without_color)","535182","blue","","null","GW/cake.jpg","GW/couch.jpg","","","","","","","","","","",""
"null","","rt_plussign_withcolor","535685","blue","","null","GW/cake.jpg","GW/couch.jpg","","","","","","","","","","",""
"788.2999999998137","","rt_thecrossant_black","536673","black_plus_sign","","49","","","0.8088235294117647","1","","","","","","","","",""
"null","","color_black","536776","black_plus_sign","","null","","","","","","","","","","","","",""
"null","","learn_phase(without_color)","538781","black_plus_sign","","null","GW/skates.jpg","GW/rocking_chair.jpg","","","","","","","","","","",""
"null","","black_cross(without_color)","539290","green","","null","GW/skates.jpg","GW/rocking_chair.jpg","","","","","","","","","","",""
"null","","rt_plussign_withcolor","539793","green","","null","GW/skates.jpg","GW/rocking_chair.jpg","","","","","","","","","","",""
"1499.6000000000931","","rt_thecrossant_black","541292","black_plus_sign","","50","","","0.8115942028985508","1","","","","","","","","",""
"null","","color_black","541396","black_plus_sign","","null","","","","","","","","","","","","",""
"null","","learn_phase(without_color)","543401","black_plus_sign","","null","GW/cake.jpg","GW/globe.jpg","","","","","","","","","","",""
"null","","black_cross(without_color)","544200","blue","","null","GW/cake.jpg","GW/globe.jpg","","","","","","","","","","",""
"null","","rt_plussign_withcolor","544703","blue","","null","GW/cake.jpg","GW/globe.jpg","","","","","","","","","","",""
"831","","rt_thecrossant_black","545911","black_plus_sign","","49","","","0.8142857142857143","1","","","","","","","","",""
"null","","color_black","546015","black_plus_sign","","null","","","","","","","","","","","","",""
"null","","learn_phase(without_color)","548020","black_plus_sign","","null","GW/boat.jpg","GW/couch.jpg","","","","","","","","","","",""
"null","","black_cross(without_color)","548964","blue","","null","GW/boat.jpg","GW/couch.jpg","","","","","","","","","","",""
"null","","rt_plussign_withcolor","549466","blue","","null","GW/boat.jpg","GW/couch.jpg","","","","","","","","","","",""
"1206.7999999998137","","rt_thecrossant_black","550531","black_plus_sign","","50","","","0.8028169014084507","0","","","","","","","","",""
"null","","color_black","550635","black_plus_sign","","null","","","","","","","","","","","","",""
"null","","learn_phase(without_color)","552639","black_plus_sign","","null","GW/skates.jpg","GW/rocking_chair.jpg","","","","","","","","","","",""
"null","","black_cross(without_color)","553270","blue","","null","GW/skates.jpg","GW/rocking_chair.jpg","","","","","","","","","","",""
"null","","rt_plussign_withcolor","553773","blue","","null","GW/skates.jpg","GW/rocking_chair.jpg","","","","","","","","","","",""
"2171.600000000093","","rt_thecrossant_black","555149","black_plus_sign","","49","","","0.8055555555555556","1","","","","","","","","",""
"null","","color_black","555253","black_plus_sign","","null","","","","","","","","","","","","",""
"null","","learn_phase(without_color)","557257","black_plus_sign","","null","GW/globe.jpg","GW/pawn.jpg","","","","","","","","","","",""
"null","","black_cross(without_color)","558288","blue","","null","GW/globe.jpg","GW/pawn.jpg","","","","","","","","","","",""
"41.5","","rt_plussign_withcolor","558791","blue","","49","GW/globe.jpg","GW/pawn.jpg","","","","","","","","","","",""
"null","","rt_thecrossant_black","559768","black_plus_sign","","49","","","0.8082191780821918","1","","","","","","","","",""
"null","","color_black","559872","black_plus_sign","","null","","","","","","","","","","","","",""
"null","","learn_phase(without_color)","561876","black_plus_sign","","null","GW/cake.jpg","GW/globe.jpg","","","","","","","","","","",""
"null","","black_cross(without_color)","562874","green","","null","GW/cake.jpg","GW/globe.jpg","","","","","","","","","","",""
"null","","rt_plussign_withcolor","563377","green","","null","GW/cake.jpg","GW/globe.jpg","","","","","","","","","","",""
"1382.1000000000931","","rt_thecrossant_black","564388","black_plus_sign","","50","","","0.8108108108108109","1","","","","","","","","",""
"null","","color_black","564491","black_plus_sign","","null","","","","","","","","","","","","",""
"null","","learn_phase(without_color)","566496","black_plus_sign","","null","GW/pawn.jpg","GW/oven.jpg","","","","","","","","","","",""
"null","","black_cross(without_color)","567462","blue","","null","GW/pawn.jpg","GW/oven.jpg","","","","","","","","","","",""
"null","","rt_plussign_withcolor","567965","blue","","null","GW/pawn.jpg","GW/oven.jpg","","","","","","","","","","",""
"1768.5","","rt_thecrossant_black","569007","black_plus_sign","","50","","","0.8","0","","","","","","","","",""
"null","","color_black","569110","black_plus_sign","","null","","","","","","","","","","","","",""
"null","","learn_phase(without_color)","571115","black_plus_sign","","null","GW/globe.jpg","GW/pawn.jpg","","","","","","","","","","",""
"null","","black_cross(without_color)","572008","green","","null","GW/globe.jpg","GW/pawn.jpg","","","","","","","","","","",""
"null","","rt_plussign_withcolor","572511","green","","null","GW/globe.jpg","GW/pawn.jpg","","","","","","","","","","",""
"1150.7000000001863","","rt_thecrossant_black","573626","black_plus_sign","","50","","","0.8026315789473685","1","","","","","","","","",""
"null","","color_black","573729","black_plus_sign","","null","","","","","","","","","","","","",""
"null","","learn_phase(without_color)","575734","black_plus_sign","","null","GW/cake.jpg","GW/couch.jpg","","","","","","","","","","",""
"null","","black_cross(without_color)","576629","blue","","null","GW/cake.jpg","GW/couch.jpg","","","","","","","","","","",""
"null","","rt_plussign_withcolor","577132","blue","","null","GW/cake.jpg","GW/couch.jpg","","","","","","","","","","",""
"1088.7999999998137","","rt_thecrossant_black","578244","black_plus_sign","","49","","","0.8051948051948052","1","","","","","","","","",""
"null","","color_black","578347","black_plus_sign","","null","","","","","","","","","","","","",""
"null","","learn_phase(without_color)","580351","black_plus_sign","","null","GW/skates.jpg","GW/couch.jpg","","","","","","","","","","",""
"null","","black_cross(without_color)","581039","blue","","null","GW/skates.jpg","GW/couch.jpg","","","","","","","","","","",""
"null","","rt_plussign_withcolor","581542","blue","","null","GW/skates.jpg","GW/couch.jpg","","","","","","","","","","",""
"1664.8999999999069","","rt_thecrossant_black","582862","black_plus_sign","","50","","","0.7948717948717948","0","","","","","","","","",""
"null","","color_black","582966","black_plus_sign","","null","","","","","","","","","","","","",""
"null","","learn_phase(without_color)","584970","black_plus_sign","","null","GW/rocking_chair.jpg","GW/pawn.jpg","","","","","","","","","","",""
"null","","black_cross(without_color)","585855","blue","","null","GW/rocking_chair.jpg","GW/pawn.jpg","","","","","","","","","","",""
"null","","rt_plussign_withcolor","586358","blue","","null","GW/rocking_chair.jpg","GW/pawn.jpg","","","","","","","","","","",""
"1264.5","","rt_thecrossant_black","587480","black_plus_sign","","49","","","0.7974683544303798","1","","","","","","","","",""
"null","","color_black","587584","black_plus_sign","","null","","","","","","","","","","","","",""
"null","","learn_phase(without_color)","589588","black_plus_sign","","null","GW/skates.jpg","GW/couch.jpg","","","","","","","","","","",""
"null","","black_cross(without_color)","590270","green","","null","GW/skates.jpg","GW/couch.jpg","","","","","","","","","","",""
"null","","rt_plussign_withcolor","590773","green","","null","GW/skates.jpg","GW/couch.jpg","","","","","","","","","","",""
"1623.2000000001863","","rt_thecrossant_black","592099","black_plus_sign","","50","","","0.8","1","","","","","","","","",""
"null","","color_black","592203","black_plus_sign","","null","","","","","","","","","","","","",""
"null","","learn_phase(without_color)","594208","black_plus_sign","","null","GW/backpack.jpg","GW/boat.jpg","","","","","","","","","","",""
"null","","black_cross(without_color)","594634","green","","null","GW/backpack.jpg","GW/boat.jpg","","","","","","","","","","",""
"null","","rt_plussign_withcolor","595138","green","","null","GW/backpack.jpg","GW/boat.jpg","","","","","","","","","","",""
"1206.5999999996275","","rt_thecrossant_black","596719","black_plus_sign","","50","","","0.8024691358024691","1","","","","","","","","",""
"null","","color_black","596823","black_plus_sign","","null","","","","","","","","","","","","",""
"null","","learn_phase(without_color)","598827","black_plus_sign","","null","GW/globe.jpg","GW/pawn.jpg","","","","","","","","","","",""
"null","","black_cross(without_color)","599646","blue","","null","GW/globe.jpg","GW/pawn.jpg","","","","","","","","","","",""
"416.70000000018626","","rt_plussign_withcolor","600149","blue","","49","GW/globe.jpg","GW/pawn.jpg","","","","","","","","","","",""
"null","","rt_thecrossant_black","601338","black_plus_sign","","49","","","0.8048780487804879","1","","","","","","","","",""
"null","","color_black","601442","black_plus_sign","","null","","","","","","","","","","","","",""
"null","","learn_phase(without_color)","603446","black_plus_sign","","null","GW/cake.jpg","GW/globe.jpg","","","","","","","","","","",""
"null","","black_cross(without_color)","604257","blue","","null","GW/cake.jpg","GW/globe.jpg","","","","","","","","","","",""
"null","","rt_plussign_withcolor","604760","blue","","null","GW/cake.jpg","GW/globe.jpg","","","","","","","","","","",""
"1080.9000000003725","","rt_thecrossant_black","605957","black_plus_sign","","49","","","0.8072289156626506","1","","","","","","","","",""
"null","","color_black","606059","black_plus_sign","","null","","","","","","","","","","","","",""
"null","","learn_phase(without_color)","608064","black_plus_sign","","null","GW/fan.jpg","GW/couch.jpg","","","","","","","","","","",""
"null","","black_cross(without_color)","608716","green","","null","GW/fan.jpg","GW/couch.jpg","","","","","","","","","","",""
"null","","rt_plussign_withcolor","609219","green","","null","GW/fan.jpg","GW/couch.jpg","","","","","","","","","","",""
"1173.5999999996275","","rt_thecrossant_black","610575","black_plus_sign","","50","","","0.8095238095238095","1","","","","","","","","",""
"null","","color_black","610678","black_plus_sign","","null","","","","","","","","","","","","",""
"null","","learn_phase(without_color)","612683","black_plus_sign","","null","GW/pawn.jpg","GW/oven.jpg","","","","","","","","","","",""
"null","","black_cross(without_color)","613309","blue","","null","GW/pawn.jpg","GW/oven.jpg","","","","","","","","","","",""
"null","","rt_plussign_withcolor","613812","blue","","null","GW/pawn.jpg","GW/oven.jpg","","","","","","","","","","",""
"1309.1000000000931","","rt_thecrossant_black","615192","black_plus_sign","","49","","","0.8117647058823529","1","","","","","","","","",""
"null","","color_black","615296","black_plus_sign","","null","","","","","","","","","","","","",""
"null","","learn_phase(without_color)","617300","black_plus_sign","","null","GW/cake.jpg","GW/rocking_chair.jpg","","","","","","","","","","",""
"null","","black_cross(without_color)","617843","blue","","null","GW/cake.jpg","GW/rocking_chair.jpg","","","","","","","","","","",""
"null","","rt_plussign_withcolor","618346","blue","","null","GW/cake.jpg","GW/rocking_chair.jpg","","","","","","","","","","",""
"1589.3999999999069","","rt_thecrossant_black","619810","black_plus_sign","","49","","","0.813953488372093","1","","","","","","","","",""
"null","","color_black","619914","black_plus_sign","","null","","","","","","","","","","","","",""
"null","","learn_phase(without_color)","621919","black_plus_sign","","null","GW/oven.jpg","GW/picnic_basket.jpg","","","","","","","","","","",""
"null","","black_cross(without_color)","622528","green","","null","GW/oven.jpg","GW/picnic_basket.jpg","","","","","","","","","","",""
"null","","rt_plussign_withcolor","623032","green","","null","GW/oven.jpg","GW/picnic_basket.jpg","","","","","","","","","","",""
"1381.8999999999069","","rt_thecrossant_black","624429","black_plus_sign","","50","","","0.8160919540229885","1","","","","","","","","",""
"null","","color_black","624534","black_plus_sign","","null","","","","","","","","","","","","",""
"null","","learn_phase(without_color)","626539","black_plus_sign","","null","GW/pawn.jpg","GW/picnic_basket.jpg","","","","","","","","","","",""
"null","","black_cross(without_color)","627573","blue","","null","GW/pawn.jpg","GW/picnic_basket.jpg","","","","","","","","","","",""
"null","","rt_plussign_withcolor","628076","blue","","null","GW/pawn.jpg","GW/picnic_basket.jpg","","","","","","","","","","",""
"1194.5","","rt_thecrossant_black","629050","black_plus_sign","","49","","","0.8181818181818182","1","","","","","","","","",""
"null","","color_black","629154","black_plus_sign","","null","","","","","","","","","","","","",""
"null","","learn_phase(without_color)","631158","black_plus_sign","","null","GW/skates.jpg","GW/rocking_chair.jpg","","","","","","","","","","",""
"null","","black_cross(without_color)","632139","green","","null","GW/skates.jpg","GW/rocking_chair.jpg","","","","","","","","","","",""
"null","","rt_plussign_withcolor","632642","green","","null","GW/skates.jpg","GW/rocking_chair.jpg","","","","","","","","","","",""
"1236.3999999999069","","rt_thecrossant_black","633668","black_plus_sign","","50","","","0.8202247191011236","1","","","","","","","","",""
"null","","color_black","633773","black_plus_sign","","null","","","","","","","","","","","","",""
"null","","learn_phase(without_color)","635778","black_plus_sign","","null","GW/oven.jpg","GW/picnic_basket.jpg","","","","","","","","","","",""
"null","","black_cross(without_color)","636818","green","","null","GW/oven.jpg","GW/picnic_basket.jpg","","","","","","","","","","",""
"null","","rt_plussign_withcolor","637322","green","","null","GW/oven.jpg","GW/picnic_basket.jpg","","","","","","","","","","",""
"1408.6000000000931","","rt_thecrossant_black","638288","black_plus_sign","","50","","","0.8222222222222222","1","","","","","","","","",""
"null","","color_black","638391","black_plus_sign","","null","","","","","","","","","","","","",""
"null","","learn_phase(without_color)","640395","black_plus_sign","","null","GW/rocking_chair.jpg","GW/pawn.jpg","","","","","","","","","","",""
"null","","black_cross(without_color)","641443","green","","null","GW/rocking_chair.jpg","GW/pawn.jpg","","","","","","","","","","",""
"null","","rt_plussign_withcolor","641946","green","","null","GW/rocking_chair.jpg","GW/pawn.jpg","","","","","","","","","","",""
"1258.7999999998137","","rt_thecrossant_black","642906","black_plus_sign","","50","","","0.8241758241758241","1","","","","","","","","",""
"null","","color_black","643010","black_plus_sign","","null","","","","","","","","","","","","",""
"null","","learn_phase(without_color)","645015","black_plus_sign","","null","GW/boat.jpg","GW/couch.jpg","","","","","","","","","","",""
"null","","black_cross(without_color)","645966","blue","","null","GW/boat.jpg","GW/couch.jpg","","","","","","","","","","",""
"null","","rt_plussign_withcolor","646470","blue","","null","GW/boat.jpg","GW/couch.jpg","","","","","","","","","","",""
"1357.6000000000931","","rt_thecrossant_black","647527","black_plus_sign","","49","","","0.8260869565217391","1","","","","","","","","",""
"null","","color_black","647631","black_plus_sign","","null","","","","","","","","","","","","",""
"null","","learn_phase(without_color)","649636","black_plus_sign","","null","GW/boat.jpg","GW/cake.jpg","","","","","","","","","","",""
"null","","black_cross(without_color)","650155","blue","","null","GW/boat.jpg","GW/cake.jpg","","","","","","","","","","",""
"null","","rt_plussign_withcolor","650659","blue","","null","GW/boat.jpg","GW/cake.jpg","","","","","","","","","","",""
"1543.7999999998137","","rt_thecrossant_black","652146","black_plus_sign","","49","","","0.8279569892473119","1","","","","","","","","",""
"null","","color_black","652249","black_plus_sign","","null","","","","","","","","","","","","",""
"null","","learn_phase(without_color)","654254","black_plus_sign","","null","GW/cake.jpg","GW/rocking_chair.jpg","","","","","","","","","","",""
"null","","black_cross(without_color)","654679","blue","","null","GW/cake.jpg","GW/rocking_chair.jpg","","","","","","","","","","",""
"261","","rt_plussign_withcolor","655182","blue","","49","GW/cake.jpg","GW/rocking_chair.jpg","","","","","","","","","","",""
"null","","rt_thecrossant_black","656765","black_plus_sign","","50","","","0.8297872340425532","1","","","","","","","","",""
"null","","color_black","656868","black_plus_sign","","null","","","","","","","","","","","","",""
"null","","learn_phase(without_color)","658873","black_plus_sign","","null","GW/oven.jpg","GW/picnic_basket.jpg","","","","","","","","","","",""
"null","","black_cross(without_color)","659867","blue","","null","GW/oven.jpg","GW/picnic_basket.jpg","","","","","","","","","","",""
"495.20000000018626","","rt_plussign_withcolor","660370","blue","","49","GW/oven.jpg","GW/picnic_basket.jpg","","","","","","","","","","",""
"null","","rt_thecrossant_black","661382","black_plus_sign","","49","","","0.8315789473684211","1","","","","","","","","",""
"null","","color_black","661485","black_plus_sign","","null","","","","","","","","","","","","",""
"null","","learn_phase(without_color)","663489","black_plus_sign","","null","GW/globe.jpg","GW/mailbox.jpg","","","","","","","","","","",""
"null","","black_cross(without_color)","664043","green","","null","GW/globe.jpg","GW/mailbox.jpg","","","","","","","","","","",""
"null","","rt_plussign_withcolor","664546","green","","null","GW/globe.jpg","GW/mailbox.jpg","","","","","","","","","","",""
"1354.6999999997206","","rt_thecrossant_black","665999","black_plus_sign","","50","","","0.8333333333333334","1","","","","","","","","",""
"null","","color_black","666103","black_plus_sign","","null","","","","","","","","","","","","",""
"null","","learn_phase(without_color)","668106","black_plus_sign","","null","GW/skates.jpg","GW/couch.jpg","","","","","","","","","","",""
"null","","black_cross(without_color)","669206","green","","null","GW/skates.jpg","GW/couch.jpg","","","","","","","","","","",""
"null","","rt_plussign_withcolor","669709","green","","null","GW/skates.jpg","GW/couch.jpg","","","","","","","","","","",""
"887.1000000000931","","rt_thecrossant_black","670616","black_plus_sign","","50","","","0.8350515463917526","1","","","","","","","","",""
"null","","color_black","670720","black_plus_sign","","null","","","","","","","","","","","","",""
"null","","learn_phase(without_color)","672724","black_plus_sign","","null","GW/globe.jpg","GW/pawn.jpg","","","","","","","","","","",""
"null","","black_cross(without_color)","673605","green","","null","GW/globe.jpg","GW/pawn.jpg","","","","","","","","","","",""
"null","","rt_plussign_withcolor","674108","green","","null","GW/globe.jpg","GW/pawn.jpg","","","","","","","","","","",""
"1337.6000000000931","","rt_thecrossant_black","675235","black_plus_sign","","50","","","0.8367346938775511","1","","","","","","","","",""
"null","","color_black","675339","black_plus_sign","","null","","","","","","","","","","","","",""
"null","","learn_phase(without_color)","677344","black_plus_sign","","null","GW/boat.jpg","GW/couch.jpg","","","","","","","","","","",""
"null","","black_cross(without_color)","678031","green","","null","GW/boat.jpg","GW/couch.jpg","","","","","","","","","","",""
"null","","rt_plussign_withcolor","678534","green","","null","GW/boat.jpg","GW/couch.jpg","","","","","","","","","","",""
"1236.3999999999069","","rt_thecrossant_black","679854","black_plus_sign","","50","","","0.8383838383838383","1","","","","","","","","",""
"null","","color_black","679957","black_plus_sign","","null","","","","","","","","","","","","",""
"null","","learn_phase(without_color)","681962","black_plus_sign","","null","GW/skates.jpg","GW/rocking_chair.jpg","","","","","","","","","","",""
"null","","black_cross(without_color)","682864","green","","null","GW/skates.jpg","GW/rocking_chair.jpg","","","","","","","","","","",""
"393.1999999997206","","rt_plussign_withcolor","683367","green","","50","GW/skates.jpg","GW/rocking_chair.jpg","","","","","","","","","","",""
"null","","rt_thecrossant_black","684472","black_plus_sign","","50","","","0.84","1","","","","","","","","",""
"null","","color_black","684576","black_plus_sign","","null","","","","","","","","","","","","",""
"null","","learn_phase(without_color)","686582","black_plus_sign","","null","GW/boat.jpg","GW/cake.jpg","","","","","","","","","","",""
"null","","black_cross(without_color)","687312","green","","null","GW/boat.jpg","GW/cake.jpg","","","","","","","","","","",""
"417.70000000018626","","rt_plussign_withcolor","687816","green","","49","GW/boat.jpg","GW/cake.jpg","","","","","","","","","","",""
"null","","rt_thecrossant_black","689093","black_plus_sign","","50","","","0.8316831683168316","0","","","","","","","","",""
"null","","color_black","689196","black_plus_sign","","null","","","","","","","","","","","","",""
"null","","learn_phase(without_color)","691201","black_plus_sign","","null","GW/cake.jpg","GW/couch.jpg","","","","","","","","","","",""
"null","","black_cross(without_color)","691749","blue","","null","GW/cake.jpg","GW/couch.jpg","","","","","","","","","","",""
"84.70000000018626","","rt_plussign_withcolor","692253","blue","","50","GW/cake.jpg","GW/couch.jpg","","","","","","","","","","",""
"null","","rt_thecrossant_black","693712","black_plus_sign","","50","","","0.8235294117647058","0","","","","","","","","",""
"null","","warning_page","696717","warning","","null","","","","","","","","","","","","",""
"null","","color_black","696820","black_plus_sign","","null","","","","","","","","","","","","",""
"null","","learn_phase(without_color)","698825","black_plus_sign","","null","GW/backpack.jpg","GW/boat.jpg","","","","","","","","","","",""
"null","","black_cross(without_color)","699610","blue","","null","GW/backpack.jpg","GW/boat.jpg","","","","","","","","","","",""
"439.09999999962747","","rt_plussign_withcolor","700113","blue","","49","GW/backpack.jpg","GW/boat.jpg","","","","","","","","","","",""
"null","","rt_thecrossant_black","701335","black_plus_sign","","49","","","0.8252427184466019","1","","","","","","","","",""
"null","","color_black","701439","black_plus_sign","","null","","","","","","","","","","","","",""
"null","","learn_phase(without_color)","703443","black_plus_sign","","null","GW/pawn.jpg","GW/picnic_basket.jpg","","","","","","","","","","",""
"null","","black_cross(without_color)","704026","blue","","null","GW/pawn.jpg","GW/picnic_basket.jpg","","","","","","","","","","",""
"null","","rt_plussign_withcolor","704530","blue","","null","GW/pawn.jpg","GW/picnic_basket.jpg","","","","","","","","","","",""
"952.3999999999069","","rt_thecrossant_black","705954","black_plus_sign","","49","","","0.8269230769230769","1","","","","","","","","",""
"null","","color_black","706058","black_plus_sign","","null","","","","","","","","","","","","",""
"null","","learn_phase(without_color)","708063","black_plus_sign","","null","GW/boat.jpg","GW/cake.jpg","","","","","","","","","","",""
"null","","black_cross(without_color)","709060","blue","","null","GW/boat.jpg","GW/cake.jpg","","","","","","","","","","",""
"412.6999999997206","","rt_plussign_withcolor","709563","blue","","49","GW/boat.jpg","GW/cake.jpg","","","","","","","","","","",""
"null","","rt_thecrossant_black","710573","black_plus_sign","","49","","","0.8285714285714286","1","","","","","","","","",""
"null","","color_black","710676","black_plus_sign","","null","","","","","","","","","","","","",""
"null","","learn_phase(without_color)","712681","black_plus_sign","","null","GW/cake.jpg","GW/rocking_chair.jpg","","","","","","","","","","",""
"null","","black_cross(without_color)","713425","blue","","null","GW/cake.jpg","GW/rocking_chair.jpg","","","","","","","","","","",""
"null","","rt_plussign_withcolor","713928","blue","","null","GW/cake.jpg","GW/rocking_chair.jpg","","","","","","","","","","",""
"1333.7000000001863","","rt_thecrossant_black","715192","black_plus_sign","","49","","","0.8301886792452831","1","","","","","","","","",""
"null","","color_black","715295","black_plus_sign","","null","","","","","","","","","","","","",""
"null","","learn_phase(without_color)","717300","black_plus_sign","","null","GW/oven.jpg","GW/picnic_basket.jpg","","","","","","","","","","",""
"null","","black_cross(without_color)","717951","blue","","null","GW/oven.jpg","GW/picnic_basket.jpg","","","","","","","","","","",""
"231.1999999997206","","rt_plussign_withcolor","718455","blue","","49","GW/oven.jpg","GW/picnic_basket.jpg","","","","","","","","","","",""
"null","","rt_thecrossant_black","719811","black_plus_sign","","49","","","0.8317757009345794","1","","","","","","","","",""
"null","","color_black","719915","black_plus_sign","","null","","","","","","","","","","","","",""
"null","","learn_phase(without_color)","721920","black_plus_sign","","null","GW/mailbox.jpg","GW/oven.jpg","","","","","","","","","","",""
"null","","black_cross(without_color)","722498","blue","","null","GW/mailbox.jpg","GW/oven.jpg","","","","","","","","","","",""
"453.89999999990687","","rt_plussign_withcolor","723000","blue","","49","GW/mailbox.jpg","GW/oven.jpg","","","","","","","","","","",""
"null","","rt_thecrossant_black","724429","black_plus_sign","","49","","","0.8333333333333334","1","","","","","","","","",""
"null","","color_black","724533","black_plus_sign","","null","","","","","","","","","","","","",""
"null","","learn_phase(without_color)","726538","black_plus_sign","","null","GW/cake.jpg","GW/rocking_chair.jpg","","","","","","","","","","",""
"null","","black_cross(without_color)","727346","blue","","null","GW/cake.jpg","GW/rocking_chair.jpg","","","","","","","","","","",""
"null","","rt_plussign_withcolor","727850","blue","","null","GW/cake.jpg","GW/rocking_chair.jpg","","","","","","","","","","",""
"710.8999999999069","","rt_thecrossant_black","729048","black_plus_sign","","49","","","0.8348623853211009","1","","","","","","","","",""
"null","","color_black","729152","black_plus_sign","","null","","","","","","","","","","","","",""
"null","","learn_phase(without_color)","731157","black_plus_sign","","null","GW/cake.jpg","GW/couch.jpg","","","","","","","","","","",""
"null","","black_cross(without_color)","731896","green","","null","GW/cake.jpg","GW/couch.jpg","","","","","","","","","","",""
"358.60000000009313","","rt_plussign_withcolor","732400","green","","49","GW/cake.jpg","GW/couch.jpg","","","","","","","","","","",""
"null","","rt_thecrossant_black","733668","black_plus_sign","","50","","","0.8272727272727273","0","","","","","","","","",""
"null","","color_black","733771","black_plus_sign","","null","","","","","","","","","","","","",""
"null","","learn_phase(without_color)","735776","black_plus_sign","","null","GW/skates.jpg","GW/rocking_chair.jpg","","","","","","","","","","",""
"null","","black_cross(without_color)","736710","green","","null","GW/skates.jpg","GW/rocking_chair.jpg","","","","","","","","","","",""
"null","","rt_plussign_withcolor","737213","green","","null","GW/skates.jpg","GW/rocking_chair.jpg","","","","","","","","","","",""
"1229","","rt_thecrossant_black","738286","black_plus_sign","","50","","","0.8288288288288288","1","","","","","","","","",""
"null","","color_black","738390","black_plus_sign","","null","","","","","","","","","","","","",""
"null","","learn_phase(without_color)","740394","black_plus_sign","","null","GW/boat.jpg","GW/cake.jpg","","","","","","","","","","",""
"null","","black_cross(without_color)","741299","blue","","null","GW/boat.jpg","GW/cake.jpg","","","","","","","","","","",""
"null","","rt_plussign_withcolor","741803","blue","","null","GW/boat.jpg","GW/cake.jpg","","","","","","","","","","",""
"1122.3000000002794","","rt_thecrossant_black","742905","black_plus_sign","","49","","","0.8303571428571429","1","","","","","","","","",""
"null","","color_black","743009","black_plus_sign","","null","","","","","","","","","","","","",""
"null","","learn_phase(without_color)","745014","black_plus_sign","","null","GW/mailbox.jpg","GW/oven.jpg","","","","","","","","","","",""
"null","","black_cross(without_color)","745913","green","","null","GW/mailbox.jpg","GW/oven.jpg","","","","","","","","","","",""
"501.29999999981374","","rt_plussign_withcolor","746417","green","","50","GW/mailbox.jpg","GW/oven.jpg","","","","","","","","","","",""
"null","","rt_thecrossant_black","747526","black_plus_sign","","50","","","0.831858407079646","1","","","","","","","","",""
"null","","color_black","747629","black_plus_sign","","null","","","","","","","","","","","","",""
"null","","learn_phase(without_color)","749634","black_plus_sign","","null","GW/rocking_chair.jpg","GW/pawn.jpg","","","","","","","","","","",""
"null","","black_cross(without_color)","750057","green","","null","GW/rocking_chair.jpg","GW/pawn.jpg","","","","","","","","","","",""
"null","","rt_plussign_withcolor","750560","green","","null","GW/rocking_chair.jpg","GW/pawn.jpg","","","","","","","","","","",""
"1016.6000000000931","","rt_thecrossant_black","752144","black_plus_sign","","49","","","0.8245614035087719","0","","","","","","","","",""
"null","","color_black","752249","black_plus_sign","","null","","","","","","","","","","","","",""
"null","","learn_phase(without_color)","754253","black_plus_sign","","null","GW/cake.jpg","GW/rocking_chair.jpg","","","","","","","","","","",""
"null","","black_cross(without_color)","755243","green","","null","GW/cake.jpg","GW/rocking_chair.jpg","","","","","","","","","","",""
"null","","rt_plussign_withcolor","755746","green","","null","GW/cake.jpg","GW/rocking_chair.jpg","","","","","","","","","","",""
"803.2000000001863","","rt_thecrossant_black","756763","black_plus_sign","","50","","","0.8260869565217391","1","","","","","","","","",""
"null","","color_black","756867","black_plus_sign","","null","","","","","","","","","","","","",""
"null","","learn_phase(without_color)","758871","black_plus_sign","","null","GW/pawn.jpg","GW/picnic_basket.jpg","","","","","","","","","","",""
"null","","black_cross(without_color)","759665","blue","","null","GW/pawn.jpg","GW/picnic_basket.jpg","","","","","","","","","","",""
"null","","rt_plussign_withcolor","760169","blue","","null","GW/pawn.jpg","GW/picnic_basket.jpg","","","","","","","","","","",""
"1147.3000000002794","","rt_thecrossant_black","761383","black_plus_sign","","49","","","0.8275862068965517","1","","","","","","","","",""
"null","","color_black","761487","black_plus_sign","","null","","","","","","","","","","","","",""
"null","","learn_phase(without_color)","763492","black_plus_sign","","null","GW/boat.jpg","GW/couch.jpg","","","","","","","","","","",""
"null","","black_cross(without_color)","764026","green","","null","GW/boat.jpg","GW/couch.jpg","","","","","","","","","","",""
"null","","rt_plussign_withcolor","764529","green","","null","GW/boat.jpg","GW/couch.jpg","","","","","","","","","","",""
"957.5","","rt_thecrossant_black","766004","black_plus_sign","","50","","","0.8290598290598291","1","","","","","","","","",""
"null","","color_black","766108","black_plus_sign","","null","","","","","","","","","","","","",""
"null","","learn_phase(without_color)","768113","black_plus_sign","","null","GW/pawn.jpg","GW/picnic_basket.jpg","","","","","","","","","","",""
"null","","black_cross(without_color)","768966","blue","","null","GW/pawn.jpg","GW/picnic_basket.jpg","","","","","","","","","","",""
"null","","rt_plussign_withcolor","769469","blue","","null","GW/pawn.jpg","GW/picnic_basket.jpg","","","","","","","","","","",""
"717.5","","rt_thecrossant_black","770624","black_plus_sign","","49","","","0.8305084745762712","1","","","","","","","","",""
"null","","color_black","770727","black_plus_sign","","null","","","","","","","","","","","","",""
"null","","learn_phase(without_color)","772732","black_plus_sign","","null","GW/globe.jpg","GW/mailbox.jpg","","","","","","","","","","",""
"null","","black_cross(without_color)","773319","blue","","null","GW/globe.jpg","GW/mailbox.jpg","","","","","","","","","","",""
"null","","rt_plussign_withcolor","773822","blue","","null","GW/globe.jpg","GW/mailbox.jpg","","","","","","","","","","",""
"952.3999999999069","","rt_thecrossant_black","775243","black_plus_sign","","49","","","0.8319327731092437","1","","","","","","","","",""
"null","","color_black","775347","black_plus_sign","","null","","","","","","","","","","","","",""
"null","","learn_phase(without_color)","777352","black_plus_sign","","null","GW/cake.jpg","GW/rocking_chair.jpg","","","","","","","","","","",""
"null","","black_cross(without_color)","777837","blue","","null","GW/cake.jpg","GW/rocking_chair.jpg","","","","","","","","","","",""
"null","","rt_plussign_withcolor","778340","blue","","null","GW/cake.jpg","GW/rocking_chair.jpg","","","","","","","","","","",""
"null","","rt_thecrossant_black","779863","black_plus_sign","","null","","","0.8319327731092437","","","","","","","","","",""
"null","","color_black","779966","black_plus_sign","","null","","","","","","","","","","","","",""
"null","","learn_phase(without_color)","781971","black_plus_sign","","null","GW/boat.jpg","GW/cake.jpg","","","","","","","","","","",""
"null","","black_cross(without_color)","782613","blue","","null","GW/boat.jpg","GW/cake.jpg","","","","","","","","","","",""
"null","","rt_plussign_withcolor","783117","blue","","null","GW/boat.jpg","GW/cake.jpg","","","","","","","","","","",""
"596.3999999999069","","rt_thecrossant_black","784482","black_plus_sign","","49","","","0.8333333333333334","1","","","","","","","","",""
"null","","color_black","784587","black_plus_sign","","null","","","","","","","","","","","","",""
"null","","learn_phase(without_color)","786592","black_plus_sign","","null","GW/pawn.jpg","GW/oven.jpg","","","","","","","","","","",""
"null","","black_cross(without_color)","787605","blue","","null","GW/pawn.jpg","GW/oven.jpg","","","","","","","","","","",""
"462.89999999990687","","rt_plussign_withcolor","788108","blue","","49","GW/pawn.jpg","GW/oven.jpg","","","","","","","","","","",""
"null","","rt_thecrossant_black","789101","black_plus_sign","","null","","","0.8347107438016529","1","","","","","","","","",""
"null","","color_black","789205","black_plus_sign","","null","","","","","","","","","","","","",""
"null","","learn_phase(without_color)","791209","black_plus_sign","","null","GW/pawn.jpg","GW/oven.jpg","","","","","","","","","","",""
"null","","black_cross(without_color)","792116","green","","null","GW/pawn.jpg","GW/oven.jpg","","","","","","","","","","",""
"null","","rt_plussign_withcolor","792620","green","","null","GW/pawn.jpg","GW/oven.jpg","","","","","","","","","","",""
"1173.5","","rt_thecrossant_black","793720","black_plus_sign","","50","","","0.8360655737704918","1","","","","","","","","",""
"null","","color_black","793823","black_plus_sign","","null","","","","","","","","","","","","",""
"null","","thebreak","793927","<p></p>","","null","","","","","","","","","","","","",""
"20939.100000000093","","intro_0","814868","instruct","","32","","","","","","","","","","","","",""
"2286","","directmemory_phase","821372","GW/globe.jpg","","49","","","1","1","GW/mailbox.jpg","GW/backpack.jpg","GW/oven.jpg","GW/mailbox.jpg","GW/oven.jpg","GW/backpack.jpg","1","",""
"4115.5","","directmemory_phase","827878","GW/cake.jpg","","51","","","1","1","GW/oven.jpg","GW/mailbox.jpg","GW/globe.jpg","GW/globe.jpg","GW/mailbox.jpg","GW/oven.jpg","1","",""
"2194.100000000093","","directmemory_phase","834383","GW/globe.jpg","","49","","","1","1","GW/pawn.jpg","GW/backpack.jpg","GW/rocking_chair.jpg","GW/pawn.jpg","GW/rocking_chair.jpg","GW/backpack.jpg","1","",""
"2776.600000000093","","directmemory_phase","840888","GW/couch.jpg","","51","","","1","1","GW/mailbox.jpg","GW/rocking_chair.jpg","GW/skates.jpg","GW/skates.jpg","GW/rocking_chair.jpg","GW/mailbox.jpg","1","",""
"2542.2999999998137","","directmemory_phase","847393","GW/mailbox.jpg","","49","","","1","1","GW/oven.jpg","GW/rocking_chair.jpg","GW/pawn.jpg","GW/oven.jpg","GW/pawn.jpg","GW/rocking_chair.jpg","1","",""
"2109.2999999998137","","directmemory_phase","853899","GW/rocking_chair.jpg","","50","","","1","1","GW/globe.jpg","GW/cake.jpg","GW/backpack.jpg","GW/cake.jpg","GW/globe.jpg","GW/backpack.jpg","1","",""
"2971.5","","directmemory_phase","860403","GW/oven.jpg","","51","","","0.8571428571428571","0","GW/rocking_chair.jpg","GW/mailbox.jpg","GW/cake.jpg","GW/mailbox.jpg","GW/rocking_chair.jpg","GW/cake.jpg","0.5","closer",""
"4242.199999999721","","directmemory_phase","866908","GW/oven.jpg","","51","","","0.875","1","GW/boat.jpg","GW/globe.jpg","GW/pawn.jpg","GW/pawn.jpg","GW/globe.jpg","GW/boat.jpg","1","",""
"2785.100000000093","","directmemory_phase","873413","GW/pawn.jpg","","51","","","0.8888888888888888","1","GW/boat.jpg","GW/mailbox.jpg","GW/picnic_basket.jpg","GW/picnic_basket.jpg","GW/mailbox.jpg","GW/boat.jpg","1","",""
"3567.600000000093","","directmemory_phase","879919","GW/boat.jpg","","50","","","0.9","1","GW/globe.jpg","GW/couch.jpg","GW/pawn.jpg","GW/couch.jpg","GW/globe.jpg","GW/pawn.jpg","1","",""
"1965.7999999998137","","directmemory_phase","886424","GW/fan.jpg","","50","","","0.9090909090909091","1","GW/boat.jpg","GW/couch.jpg","GW/rocking_chair.jpg","GW/couch.jpg","GW/boat.jpg","GW/rocking_chair.jpg","1","",""
"2268.5","","directmemory_phase","892929","GW/cake.jpg","","50","","","0.9166666666666666","1","GW/mailbox.jpg","GW/rocking_chair.jpg","GW/oven.jpg","GW/rocking_chair.jpg","GW/mailbox.jpg","GW/oven.jpg","1","",""
"2995.3000000002794","","directmemory_phase","899434","GW/pawn.jpg","","51","","","0.9230769230769231","1","GW/fan.jpg","GW/skates.jpg","GW/globe.jpg","GW/globe.jpg","GW/skates.jpg","GW/fan.jpg","1","",""
"4001.899999999907","","directmemory_phase","905939","GW/pawn.jpg","","51","","","0.9285714285714286","1","GW/fan.jpg","GW/cake.jpg","GW/oven.jpg","GW/oven.jpg","GW/cake.jpg","GW/fan.jpg","1","",""
"2240.3000000002794","","directmemory_phase","912444","GW/boat.jpg","","50","","","0.9333333333333333","1","GW/rocking_chair.jpg","GW/backpack.jpg","GW/pawn.jpg","GW/backpack.jpg","GW/rocking_chair.jpg","GW/pawn.jpg","1","",""
"2254.9000000003725","","directmemory_phase","918949","GW/couch.jpg","","50","","","0.9375","1","GW/backpack.jpg","GW/boat.jpg","GW/oven.jpg","GW/boat.jpg","GW/backpack.jpg","GW/oven.jpg","1","",""
"2566","","directmemory_phase","925453","GW/skates.jpg","","51","","","0.9411764705882353","1","GW/globe.jpg","GW/fan.jpg","GW/rocking_chair.jpg","GW/rocking_chair.jpg","GW/fan.jpg","GW/globe.jpg","1","",""
"1708.2000000001863","","directmemory_phase","931959","GW/picnic_basket.jpg","","50","","","0.9444444444444444","1","GW/globe.jpg","GW/pawn.jpg","GW/couch.jpg","GW/pawn.jpg","GW/globe.jpg","GW/couch.jpg","1","",""
"1578.6000000000931","","directmemory_phase","938465","GW/backpack.jpg","","49","","","0.9473684210526315","1","GW/boat.jpg","GW/globe.jpg","GW/cake.jpg","GW/boat.jpg","GW/cake.jpg","GW/globe.jpg","1","",""
"4592.699999999721","","directmemory_phase","944970","GW/picnic_basket.jpg","","49","","","0.95","1","GW/oven.jpg","GW/skates.jpg","GW/rocking_chair.jpg","GW/oven.jpg","GW/rocking_chair.jpg","GW/skates.jpg","1","",""
"5118.899999999907","","directmemory_phase","951474","GW/boat.jpg","","51","","","0.9047619047619048","0","GW/globe.jpg","GW/cake.jpg","GW/picnic_basket.jpg","GW/cake.jpg","GW/globe.jpg","GW/picnic_basket.jpg","0.5","closer",""
"3910","","directmemory_phase","957980","GW/cake.jpg","","51","","","0.9090909090909091","1","GW/picnic_basket.jpg","GW/skates.jpg","GW/boat.jpg","GW/boat.jpg","GW/skates.jpg","GW/picnic_basket.jpg","1","",""
"6124.299999999814","","directmemory_phase","964485","GW/cake.jpg","","51","","","0.8695652173913043","0","GW/skates.jpg","GW/couch.jpg","GW/oven.jpg","GW/couch.jpg","GW/skates.jpg","GW/oven.jpg","0.5","closer",""
"6387.100000000093","","directmemory_phase","970989","GW/oven.jpg","","50","","","0.875","1","GW/rocking_chair.jpg","GW/picnic_basket.jpg","GW/skates.jpg","GW/picnic_basket.jpg","GW/rocking_chair.jpg","GW/skates.jpg","1","",""
"216.60000000009313","","directmemory_phase","977495","GW/pawn.jpg","","50","","","0.84","0","GW/rocking_chair.jpg","GW/fan.jpg","GW/skates.jpg","GW/rocking_chair.jpg","GW/skates.jpg","GW/fan.jpg","0.5","closer",""
"3608.5","","directmemory_phase","984000","GW/couch.jpg","","51","","","0.8461538461538461","1","GW/oven.jpg","GW/backpack.jpg","GW/fan.jpg","GW/fan.jpg","GW/backpack.jpg","GW/oven.jpg","1","",""
"6102.699999999721","","directmemory_phase","990505","GW/couch.jpg","","50","","","0.8148148148148148","0","GW/cake.jpg","GW/mailbox.jpg","GW/globe.jpg","GW/cake.jpg","GW/globe.jpg","GW/mailbox.jpg","0.5","closer",""
"6357.100000000093","","directmemory_phase","997009","GW/skates.jpg","","51","","","0.8214285714285714","1","GW/mailbox.jpg","GW/pawn.jpg","GW/couch.jpg","GW/couch.jpg","GW/pawn.jpg","GW/mailbox.jpg","1","",""
"5693.100000000093","","directmemory_phase","1003514","GW/globe.jpg","","51","","","0.8275862068965517","1","GW/skates.jpg","GW/oven.jpg","GW/cake.jpg","GW/cake.jpg","GW/oven.jpg","GW/skates.jpg","1","",""
"10","","directmemory_phase","1010019","GW/mailbox.jpg","","49","","","0.8333333333333334","1","GW/globe.jpg","GW/couch.jpg","GW/picnic_basket.jpg","GW/globe.jpg","GW/picnic_basket.jpg","GW/couch.jpg","1","",""
"6122.299999999814","","directmemory_phase","1016524","GW/rocking_chair.jpg","","49","","","0.8387096774193549","1","GW/pawn.jpg","GW/fan.jpg","GW/boat.jpg","GW/pawn.jpg","GW/boat.jpg","GW/fan.jpg","1","",""
"2288.5","","directmemory_phase","1023028","GW/rocking_chair.jpg","","49","","","0.8125","0","GW/boat.jpg","GW/skates.jpg","GW/fan.jpg","GW/skates.jpg","GW/boat.jpg","GW/fan.jpg","0.5","closer",""
"null","","thebreak","1023133","<p></p>","","null","","","","","","","","","","","","",""
"20191.80000000028","","intro_0","1043326","instruct","","32","","","","","","","","","","","","",""
"40486.60000000009","","intro_1","1083812","instruct","","32","","","","","","","","","","","","",""
"2941.5","","intro_2","1086756","instruct","","32","","","","","","","","","","","","",""
"3349.7999999998137","","shortestpath_phase","1094260","GW/boat.jpg","","50","GW/picnic_basket.jpg","GW/skates.jpg","1","1","","","","GW/skates.jpg","","","","","Three Edge Diff"
"4179.800000000279","","shortestpath_phase","1101765","GW/boat.jpg","","49","GW/oven.jpg","GW/skates.jpg","0.5","0","","","","GW/skates.jpg","","","","","Three Edge Diff"
"6098.399999999907","","shortestpath_phase","1109270","GW/cake.jpg","","50","GW/oven.jpg","GW/pawn.jpg","0.6666666666666666","1","","","","GW/pawn.jpg","","","","","Two Edge Diff"
"4696.700000000186","","shortestpath_phase","1116775","GW/pawn.jpg","","49","GW/cake.jpg","GW/backpack.jpg","0.75","1","","","","GW/cake.jpg","","","","","Three Edge Diff"
"6039","","shortestpath_phase","1124281","GW/mailbox.jpg","","49","GW/picnic_basket.jpg","GW/skates.jpg","0.8","1","","","","GW/picnic_basket.jpg","","","","","Three Edge Diff"
"5253.299999999814","","shortestpath_phase","1131785","GW/fan.jpg","","50","GW/mailbox.jpg","GW/boat.jpg","0.8333333333333334","1","","","","GW/boat.jpg","","","","","Three Edge Diff"
"4164.299999999814","","shortestpath_phase","1139290","GW/picnic_basket.jpg","","49","GW/mailbox.jpg","GW/fan.jpg","0.8571428571428571","1","","","","GW/mailbox.jpg","","","","","Three Edge Diff"
"6331.0999999996275","","shortestpath_phase","1146795","GW/cake.jpg","","49","GW/picnic_basket.jpg","GW/fan.jpg","0.75","0","","","","GW/fan.jpg","","","","","One Edge Diff"
"6130.299999999814","","shortestpath_phase","1154299","GW/cake.jpg","","49","GW/fan.jpg","GW/oven.jpg","0.7777777777777778","1","","","","GW/fan.jpg","","","","","One Edge Diff"
"6353.600000000093","","shortestpath_phase","1161804","GW/fan.jpg","","49","GW/cake.jpg","GW/globe.jpg","0.8","1","","","","GW/cake.jpg","","","","","Two Edge Diff"
"5696.100000000093","","shortestpath_phase","1169309","GW/oven.jpg","","50","GW/globe.jpg","GW/couch.jpg","0.7272727272727273","0","","","","GW/globe.jpg","","","","","Three Edge Diff"
"6430.300000000279","","shortestpath_phase","1176814","GW/picnic_basket.jpg","","50","GW/globe.jpg","GW/backpack.jpg","0.6666666666666666","0","","","","GW/globe.jpg","","","","","Three Edge Diff"
"4677.600000000093","","shortestpath_phase","1184318","GW/oven.jpg","","49","GW/globe.jpg","GW/fan.jpg","0.6923076923076923","1","","","","GW/globe.jpg","","","","","Three Edge Diff"
"4868.100000000093","","shortestpath_phase","1191824","GW/couch.jpg","","50","GW/rocking_chair.jpg","GW/picnic_basket.jpg","0.6428571428571429","0","","","","GW/rocking_chair.jpg","","","","","Three Edge Diff"
"4178.200000000186","","shortestpath_phase","1199329","GW/oven.jpg","","49","GW/rocking_chair.jpg","GW/fan.jpg","0.6666666666666666","1","","","","GW/rocking_chair.jpg","","","","","Three Edge Diff"
"6744.700000000186","","shortestpath_phase","1206834","GW/fan.jpg","","49","GW/boat.jpg","GW/rocking_chair.jpg","0.6875","1","","","","GW/boat.jpg","","","","","Two Edge Diff"
"63.59999999962747","","shortestpath_phase","1214339","GW/boat.jpg","","50","GW/picnic_basket.jpg","GW/globe.jpg","0.7058823529411765","1","","","","GW/globe.jpg","","","","","Three Edge Diff"
"5493.800000000279","","shortestpath_phase","1221843","GW/boat.jpg","","50","GW/fan.jpg","GW/oven.jpg","0.6666666666666666","0","","","","GW/fan.jpg","","","","","Three Edge Diff"
"5158","","shortestpath_phase","1229347","GW/boat.jpg","","50","GW/fan.jpg","GW/pawn.jpg","0.631578947368421","0","","","","GW/fan.jpg","","","","","One Edge Diff"
"5588.5","","shortestpath_phase","1236853","GW/boat.jpg","","49","GW/mailbox.jpg","GW/skates.jpg","0.6","0","","","","GW/skates.jpg","","","","","One Edge Diff"
"4114.600000000093","","shortestpath_phase","1244358","GW/oven.jpg","","50","GW/backpack.jpg","GW/rocking_chair.jpg","0.6190476190476191","1","","","","GW/rocking_chair.jpg","","","","","Three Edge Diff"
"3857.100000000093","","shortestpath_phase","1251862","GW/cake.jpg","","49","GW/pawn.jpg","GW/picnic_basket.jpg","0.6363636363636364","1","","","","GW/pawn.jpg","","","","","Two Edge Diff"
"4472.200000000186","","shortestpath_phase","1259367","GW/oven.jpg","","49","GW/couch.jpg","GW/rocking_chair.jpg","0.6086956521739131","0","","","","GW/rocking_chair.jpg","","","","","Three Edge Diff"
"6734.600000000093","","shortestpath_phase","1266872","GW/boat.jpg","","50","GW/oven.jpg","GW/globe.jpg","0.625","1","","","","GW/globe.jpg","","","","","Three Edge Diff"
"28.600000000093132","","shortestpath_phase","1274378","GW/couch.jpg","","49","GW/picnic_basket.jpg","GW/globe.jpg","0.6","0","","","","GW/globe.jpg","","","","","Three Edge Diff"
"5835.600000000093","","shortestpath_phase","1281883","GW/backpack.jpg","","50","GW/skates.jpg","GW/couch.jpg","0.6153846153846154","1","","","","GW/couch.jpg","","","","","One Edge Diff"
"5961.5","","shortestpath_phase","1289388","GW/cake.jpg","","50","GW/oven.jpg","GW/skates.jpg","0.6296296296296297","1","","","","GW/skates.jpg","","","","","Two Edge Diff"
"null","","shortestpath_phase","1296893","GW/cake.jpg","","null","GW/skates.jpg","GW/picnic_basket.jpg","0.6071428571428571","0","","","","GW/skates.jpg","","","","","Two Edge Diff"
"null","","warning_page","1299898","warning","","null","","","","","","","","","","","","",""
